שם מוצר,מכיל חמץ,ברקוד,,,,,,,,,,,,,,,,
נשנושים,מכיל חמץ,7290116530871,,,,,,,,,,,,,,,,
בייגלה,מכיל חמץ,7290107649100,,,,,,,,,,,,,,,,
דקים דקים,מכיל חמץ,7290112491770,,,,,,,,,,,,,,,,
נשנושי קרקר,מכיל חמץ,4290719495167,,,,,,,,,,,,,,,,
נשנושים בטעם שמנת ובצל,מכיל חמץ,7290112495105,,,,,,,,,,,,,,,,
בייגלה שמיניות גדולות,מכיל חמץ,7290000461700,,,,,,,,,,,,,,,,
בייגלה שטוחים,מכיל חמץ,7290106574977,,,,,,,,,,,,,,,,
בייגלה מקלות עם מלח,מכיל חמץ,7290000461793,,,,,,,,,,,,,,,,
בייגלה שמיניות עם מלח,מכיל חמץ,7290008493703,,,,,,,,,,,,,,,,
בייגלה שטוחלה עם מלח,מכיל חמץ,7290017928074,,,,,,,,,,,,,,,,
לחמית כפרית,מכיל חמץ,7290000077253,,,,,,,,,,,,,,,,
קרקר עם מלח ים,מכיל חמץ,4823077631467,,,,,,,,,,,,,,,,
קרקר קלאסי,מכיל חמץ,4823077631474,,,,,,,,,,,,,,,,
סניירדס חטיף מקלוני חיטה בתוספת דבש,מכיל חמץ,077975010167,,,,,,,,,,,,,,,,
ביסוני בייגלה,מכיל חמץ,077975034071,,,,,,,,,,,,,,,,
שברי בייגלה ממחמצת שאור בטעם דבש חרדל ובצל,מכיל חמץ,077975094778,,,,,,,,,,,,,,,,
בייגלה במילוי חמאת בוטנים,מכיל חמץ,077975094624,,,,,,,,,,,,,,,,
שברי כעכים ממחמצת שאור בטעם פיקנטי,מכיל חמץ,077975095133,,,,,,,,,,,,,,,,
בייגלה מצופה,מכיל חמץ,077975093108,,,,,,,,,,,,,,,,
מוזלי עם פירות יבשים ושקדים,מכיל חמץ,7290012052323,,,,,,,,,,,,,,,,
גרנולה עם בננות צימוקים ושקדים,מכיל חמץ,7290012052309,,,,,,,,,,,,,,,,
גרנולה עם שפע פירות יבשים,מכיל חמץ,7290012052316,,,,,,,,,,,,,,,,
גרנולה במתיקות מעודנת בתוספת צימוקים ושקדים,מכיל חמץ,7290012052347,,,,,,,,,,,,,,,,
גרנולה עם חלבה ותמרים,מכיל חמץ,7290012052330,,,,,,,,,,,,,,,,
תערובת להכנת דייסת קוואקר,מכיל חמץ,030000315989,,,,,,,,,,,,,,,,
גרנולה סופר פוד כוסמת,מכיל חמץ,7290015017176,,,,,,,,,,,,,,,,
גרנולה סופר פוד,מכיל חמץ,7290015017206,,,,,,,,,,,,,,,,
קוואקר,מכיל חמץ,7290000480107,,,,,,,,,,,,,,,גלסנר,
שיבולת שועל להכנה מהירה,מכיל חמץ,7290107943369,,,,,,,,,,,,,,,,
שיבולת שועל להכנה מהירה,מכיל חמץ,7290000480442,,,,,,,,,,,,,,,גלסנר,
קרקרים בתיבול רוזמרין,מכיל חמץ,8017070766530,,,,,,,,,,,,,,,,
פתיתי שיבולת שועל עם אגוזים צימוקים וחמוציות,מכיל חמץ,7290114603034,,,,,,,,,,,,,,,,
גרנולה דבש ללא גלוטן,מכיל חמץ,7297488097995,,,,,,,,,,,,,,,,
צנימים עגולים,מכיל חמץ,7290011695651,,,,,,,,,,,,,,,,
קרקר שומשום,מכיל חמץ,8290781149568,,,,,,,,,,,,,,,,
משקה שיבולת שועל,מכיל חמץ,7290110325619,,,,,,,,,,,,,,,סופר בכיכר,
בצק פילו,מכיל חמץ,7290000453415,,,,,,,,,,,,,,,,
גלסנר,מכיל חמץ,7290106663121,,,,,,,,,,,,,,,,
עוגה אישית במילוי קרם חלב,מכיל חמץ,7290107957991,,,,,,,,,,,,,,,,
מרק בטעם עוף עם קרוטונים,מכיל חמץ,7290112490216,,,,,,,,,,,,,,,,
מרק עגבניות עם קרוטונים,מכיל חמץ,7290000169538,,,,,,,,,,,,,,,,
מרק ירקות עם בורגול,מכיל חמץ,7290112490728,,,,,,,,,,,,,,,,
מרק עוף עם אטריות,מכיל חמץ,7290112490759,,,,,,,,,,,,,,,,
מרק עגבניות עם פסטה,מכיל חמץ,7290112490735,,,,,,,,,,,,,,,,
מרק ירקות עם המון אטריות,מכיל חמץ,7290112496461,,,,,,,,,,,,,,,,
משקה שיבולת שועל,מכיל חמץ,5411188115366,,,,,,,,,,,,,,,,
משקה שיבולת שועל עם וניל,מכיל חמץ,7394376620294,,,,,,,,,,,,,,,,
בורגול וגרגרי חומוס עם טונה,מכיל חמץ,7290017142487,,,,,,,,,,,,,,,,
פסטה עם טונה,מכיל חמץ,7290017142395,,,,,,,,,,,,,,,,
עוגת גבינה פירורים,מכיל חמץ,7290005431920,,,,,,,,,,,,,,,,
קצפת עם קרם בייגלה מתוק מלוח,מכיל חמץ,7290019167044,,,,,,,,,,,,,,,,
טירמיסו,מכיל חמץ,7290005431937,,,,,,,,,,,,,,,,סופר בכיכר
עוגת גבינה פירורים,מכיל חמץ,7290005431913,,,,,,,,,,,,,,,גלסנר,סופר בכיכר
משקה שיבולת שועל בטעם אגוזי לוז,מכיל חמץ,7290110327514,,,,,,,,,,,,,,,גלסנר,
מקלונים בטעם חריף,מכיל חמץ,856591000970,,,,,,,,,,,,,,,,
טורטית,מכיל חמץ,7290106658479,,,,,,,,,,,,,,,,
פסק זמן,מכיל חמץ,72991008,,,,,,,,,,,,,,,גלסנר,סופר בכיכר
ופל במילוי קרם בטעם שוקולד,מכיל חמץ,00007283,,,,,,,,,,,,,,,,
מרק עוף עם אטריות,מכיל חמץ,7290000112497,,,,,,,,,,,,,,,,
מרק פטריות עם גריסים,מכיל חמץ,7290112490742,,,,,,,,,,,,,,,,
ירקות ופסטה א-לה איטליה,מכיל חמץ,7290000107622,,,,,,,,,,,,,,,,
לקט להקפצה עם פסטה פוזילי,מכיל חמץ,7290000103730,,,,,,,,,,,,,,,,
,מכיל חמץ,7290001552049,,,,,,,,,,,,,,,,
קוסקוס סגנון טוניסאי,מכיל חמץ,7290004639006,,,,,,,,,,,,,,,,
סיגרים תפוחי אדמה,מכיל חמץ,7290008343565,,,,,,,,,,,,,,,,
קובה ירושלמי,מכיל חמץ,7290012317491,,,,,,,,,,,,,,,,
סיגרים בשר,מכיל חמץ,7290008343558,,,,,,,,,,,,,,,,
דונאטס בטעם שוקולד,מכיל חמץ,7296073526490,,,,,,,,,,,,,,,,
מאפה במילוי גבינה ומחית עגבניות מוקפא,מכיל חמץ,7296073394600,,,,,,,,,,,,,,,,
רביולי ריקוטה וסלק,מכיל חמץ,7296073552826,,,,,,,,,,,,,,,,
רביולי בטטה,מכיל חמץ,7296073552802,,,,,,,,,,,,,,,,
גלסנר,מכיל חמץ,076840002542,,,,,,,,,,,,,,,,
גלסנר,מכיל חמץ,72986424,,,,,,,,,,,,,,,,
גלידה עם בצק עוגיות,מכיל חמץ,076840100583,,,,,,,,,,,,,,,,
גלידה עם מנטה עוגיות,מכיל חמץ,7290018441626,,,,,,,,,,,,,,,,
גלידה בשומן צמחי בשטמי וניל ושוקולד בתוספת וופל,מכיל חמץ,7290112963529,,,,,,,,,,,,,,,,
גלידה בשומן צמחי בטעם וניל עם עוגיות בטעם שוקולד,מכיל חמץ,7290111566127,,,,,,,,,,,,,,,,
גלידה טירמיסו,מכיל חמץ,7296073447955,,,,,,,,,,,,,,,,
גלסנר,מכיל חמץ,8606018615827,,,,,,,,,,,,,,,,
גלידה בשומן צמחי בטעם וניל עם צימקאו וופל ושברי אגוזי לוז מסוכרים,מכיל חמץ,7290015597210,,,,,,,,,,,,,,,,
מעדן קפוא בטעם וניל עם צימקאו וופל ושברי אגוזי לוז מסוכרים,מכיל חמץ,7290003457991,,,,,,,,,,,,,,,,סופר בכיכר
בורקס פילו גבינה בולגרית,מכיל חמץ,7290002109372,,,,,,,,,,,,,,,,
פונדנט שוקולד,מכיל חמץ,7296073529415,,,,,,,,,,,,,,,,
גלידה בשומן צמחי בטעמי שוקולד ווניל עם ביסקויטים,מכיל חמץ,7290000137643,,,,,,,,,,,,,,,,
וופל בלגי חם מהמקפיא,מכיל חמץ,7290002026587,,,,,,,,,,,,,,,,
פרצל שומשום חים מהמקפיא,מכיל חמץ,7290002026440,,,,,,,,,,,,,,,,
בייגלה עם שומשום ממולא גבינה,מכיל חמץ,7290117261781,,,,,,,,,,,,,,,,
בורקס גבינה,מכיל חמץ,7290002327073,,,,,,,,,,,,,,,,
בצק עלים,מכיל חמץ,7296073528562,,,,,,,,,,,,,,,,
בצק עלים מרודד מוקפא,מכיל חמץ,7290000533353,,,,,,,,,,,,,,,,
מאפה פריך במילוי גבינה,מכיל חמץ,7290117261873,,,,,,,,,,,,,,,,
מיני מאפים במילוי תפוח אדמה,מכיל חמץ,7290117261866,,,,,,,,,,,,,,,,
מאפה במילוי תרד גבינת פטה,מכיל חמץ,7290117261804,,,,,,,,,,,,,,,,
עוגיות אגוזים ופתיתים בטעם שוקולד,מכיל חמץ,7290117261828,,,,,,,,,,,,,,,,
ארוחת פירות עם שיבולת שועל,מכיל חמץ,7290018516348,,,,,,,,,,,,,,,,
ארוחת סלט עם שיבולת שועל,מכיל חמץ,7290018516379,,,,,,,,,,,,,,,,
גרנולה עם חלבה תמרים ושקדים,מכיל חמץ,7290012052187,,,,,,,,,,,,,,,,
גרנולה עם שוקולד ואגוזי לוז,מכיל חמץ,7290012052354,,,,,,,,,,,,,,,,
גרנולה חלבון עם פקאן וחמוציות,מכיל חמץ,7290018333686,,,,,,,,,,,,,,,,
גרנולה,מכיל חמץ,7290112497994,,,,,,,,,,,,,,,,
שיבולת שועל,מכיל חמץ,835811006466,,,,,,,,,,,,,,,,
משקה שיבולת שועל ללא סוכר בתוספת סידן וויוטמינים,מכיל חמץ,5411188124689,,,,,,,,,,,,,,,,
ירקות וקוסקוס עם טונה בסגנון ים תכוני,מכיל חמץ,7290018440490,,,,,,,,,,,,,,,,
קבוקים שומשום,מכיל חמץ,7290003009336,,,,,,,,,,,,,,,,
ממרח לוטוס קראנץ',מכיל חמץ,5410126726947,,,,,,,,,,,,,,,,
יוגורט ביו קרמי בתוספת גרנולה,מכיל חמץ,7290114311106,,,,,,,,,,,,,,,,
קמח כוסמין לבן,מכיל חמץ,7290016144048,,,,,,,,,,,,,,,,
קמח חיטה כפרי,מכיל חמץ,7290016144079,,,,,,,,,,,,,,,,
קמח חיטה מלא,מכיל חמץ,7290016144017,,,,,,,,,,,,,,,,
קמח תופח,מכיל חמץ,7290016144116,,,,,,,,,,,,,,,,
מלאווח בסגנון תימני מקורי קפוא,מכיל חמץ,7290002757139,,,,,,,,,,,,,,,,
קרפלך במילוי תפוח אדמה,מכיל חמץ,7290016513981,,,,,,,,,,,,,,,,
משקה שיבולת שועל,מכיל חמץ,5411188134985,,,,,,,,,,,,,,,,
משקה שיבולת שועל 1.8% שומן,מכיל חמץ,5411188135005,,,,,,,,,,,,,,,,
בצק פיצה,מכיל חמץ,7290000453408,,,,,,,,,,,,,,,,
בצק פילו,מכיל חמץ,7290000453422,,,,,,,,,,,,,,,,
צנימים,מכיל חמץ,7290010259991,,,,,,,,,,,,,,,,
צנימים עם קמח חיטה מלא,מכיל חמץ,12900017,,,,,,,,,,,,,,,,
צנימים עגולים פריכים,מכיל חמץ,7290014803565,,,,,,,,,,,,,,,,
טוסטעים,מכיל חמץ,7290000080765,,,,,,,,,,,,,,,,
קמח תופח,מכיל חמץ,16810129,,,,,,,,,,,,,,,,
קמח רב תכליתי,מכיל חמץ,7290100701331,,,,,,,,,,,,,,,,
קמח לחם,מכיל חמץ,7290100701577,,,,,,,,,,,,,,,,
קמח חיטה מלא,מכיל חמץ,7290000211374,,,,,,,,,,,,,,,,
,מכיל חמץ,7296073173335,,,,,,,,,,,,,,,,
קמח לאפיית לחם,מכיל חמץ,7296073173304,,,,,,,,,,,,,,,,
סולת חיטה,מכיל חמץ,7296073021582,,,,,,,,,,,,,,,,
קמח חיטה מלא,מכיל חמץ,7296073108443,,,,,,,,,,,,,,,,
קמח תופח,מכיל חמץ,7296073173311,,,,,,,,,,,,,,,,
קמח תופח,מכיל חמץ,7296073021575,,,,,,,,,,,,,,,,
קמח חיטה לבן בהיר,מכיל חמץ,7296073021568,,,,,,,,,,,,,,,,
סולת חיטה,מכיל חמץ,7290003107223,,,,,,,,,,,,,,,,
קמח חיטה לבן בהיר,מכיל חמץ,7290003107216,,,,,,,,,,,,,,,,
קמח חיטה לבן מנופה,מכיל חמץ,7296073472797,,,,,,,,,,,,,,,,
קמח כוסמין לבן מנופה,מכיל חמץ,04921974,,,,,,,,,,,,,,,,
קמח חיטת כוסמין לבן מנופה,מכיל חמץ,7296073472896,,,,,,,,,,,,,,,,
עוגה בטעם וניל,מכיל חמץ,018000703494,,,,,,,,,,,,,,,,
עוגת שיש,מכיל חמץ,018000703517,,,,,,,,,,,,,,,גלסנר,
עוגה בטעם שיש,מכיל חמץ,018000701223,,,,,,,,,,,,,,,,
פנקייק תערובת להכנת חביתיות,מכיל חמץ,7290006805850,,,,,,,,,,,,,,,גלסנר,
פירורי ביסקויט בטעם שוקולד,מכיל חמץ,7290011489700,,,,,,,,,,,,,,,,
משקה שיבולת שועל ושקדים אורגני,מכיל חמץ,7296073372547,,,,,,,,,,,,,,,,
חטיף דגנים תמרים וקינמון,מכיל חמץ,7290100659090,,,,,,,,,,,,,,,,
חטיףדגנים עם שוקולד ואגוזים,מכיל חמץ,7290101486688,,,,,,,,,,,,,,,,
עוגיות מחיטה מלאה,מכיל חמץ,960860015432,,,,,,,,,,,,,,,,
עוגיות בטעם לימון,מכיל חמץ,096086001512,,,,,,,,,,,,,,,,
וופל מצופה ללא תוספת סוכר,מכיל חמץ,7296073277927,,,,,,,,,,,,,,,,
משקה שיבולת שועל אורגני,מכיל חמץ,7296073372554,,,,,,,,,,,,,,,,
קמח כוסמין אורגני,מכיל חמץ,7290018757178,,,,,,,,,,,,,,,,
רביולי בטטה,מכיל חמץ,7290006306319,,,,,,,,,,,,,,,,
רביולי פטריות ופרמזן,מכיל חמץ,7290006306326,,,,,,,,,,,,,,,,
קוגל אטריות,מכיל חמץ,7290016313055,,,,,,,,,,,,,,,,
פשטידת קוגל אטריות,מכיל חמץ,7290019453024,,,,,,,,,,,,,,,,
רביולי בטטה,מכיל חמץ,01948729,,,,,,,,,,,,,,,,
רביולי במילוי גבינות,מכיל חמץ,7290013787392,,,,,,,,,,,,,,,,
רביולי תרד וריקוטה,מכיל חמץ,7290013787415,,,,,,,,,,,,,,,,
רביולי במילוי בטטה,מכיל חמץ,7290105968654,,,,,,,,,,,,,,,,
יוגורט ביו קרמי עם גלילי וופל במילוי קרם,מכיל חמץ,7290102393060,,,,,,,,,,,,,,,,
יוגורט ביו קרמי עם כדורים מצופים שוקולד חום ולבן,מכיל חמץ,7290102397617,,,,,,,,,,,,,,,,
יוגורט ביו קרמי בתוספת גרנולה וסירופ בטעם מייפל,מכיל חמץ,7290114311557,,,,,,,,,,,,,,,,
עוגה אישיתבמיחוי קרם חלב 31% בציפוי שוקולד מעולה,מכיל חמץ,7290106654099,,,,,,,,,,,,,,,,
חטיף דגנים בתוספת סירופ מייפל,מכיל חמץ,7290018846278,,,,,,,,,,,,,,,,
חטיף דגנים בתוספת חלווה,מכיל חמץ,15118462,,,,,,,,,,,,,,,,
חטיף דגנים בתוספת שוקולד מריר ושוקולד לבן בטעם קרמל,מכיל חמץ,7290018846285,,,,,,,,,,,,,,,,
חטיף דגני בוקר בטעם אגוזים עם שוקולד חלב,מכיל חמץ,5900020024770,,,,,,,,,,,,,,,גלסנר,
חטיף דגני בוקר עם שוקולד חלב,מכיל חמץ,5900020025647,,,,,,,,,,,,,,,,
פריכיות דקות משלושה דגנים וקינואה,מכיל חמץ,7290111564291,,,,,,,,,,,,,,,גלסנר,
פריכיות דקות משלושה דגנים,מכיל חמץ,7290111564277,,,,,,,,,,,,,,,גלסנר,
טורטייה בתוספת חיטה מלאה,מכיל חמץ,7290018846315,,,,,,,,,,,,,,,,
עלי טורטייה,מכיל חמץ,7290011615260,,,,,,,,,,,,,,,,
טורטייה קמח חיטה,מכיל חמץ,7290018846292,,,,,,,,,,,,,,,,
טורטיה עם זרעי צ'יה,מכיל חמץ,7290112191113,,,,,,,,,,,,,,,,
פתית חיטה מלאה,מכיל חמץ,7290003805587,,,,,,,,,,,,,,,,
פתית שוודי,מכיל חמץ,7290003805501,,,,,,,,,,,,,,,,
פתית 6 דגנים,מכיל חמץ,7290100240632,,,,,,,,,,,,,,,,
פתית שיפון,מכיל חמץ,7290100240656,,,,,,,,,,,,,,,,
חטיף גרנולה קשיו קוקוס,מכיל חמץ,7290018333976,,,,,,,,,,,,,,,,
שיבולת שועל עם מייפל קנדי,מכיל חמץ,016000548503,,,,,,,,,,,,,,,,
שיבולת שועל עם שבבי שוקולד מריר,מכיל חמץ,8410076600622,,,,,,,,,,,,,,,,
שיבולת שועל עם קינמון,מכיל חמץ,016000548602,,,,,,,,,,,,,,,,
שיבולת שועל עם דבש,מכיל חמץ,016000548404,,,,,,,,,,,,,,,,
חטיפים בטעם טבעי,מכיל חמץ,856591000574,,,,,,,,,,,,,,,,
מארז חטיפים של עבאדי,מכיל חמץ,856591000918,,,,,,,,,,,,,,,,
עוגיות מזרחיות קריספי,מכיל חמץ,856591000055,,,,,,,,,,,,,,,,
עוגיות מזרחיות פריך במיוחד,מכיל חמץ,11712718,,,,,,,,,,,,,,,,
עוגיות מזרחיות מלח,מכיל חמץ,856591000062,,,,,,,,,,,,,,,,
עוגיות מזרחיות שומשום,מכיל חמץ,776747220291,,,,,,,,,,,,,,,,
קרקר קלאסי,מכיל חמץ,7290000074276,,,,,,,,,,,,,,,,
לחמית אגוזים,מכיל חמץ,7290000074481,,,,,,,,,,,,,,,,
לחמית כוסמין,מכיל חמץ,7290112966247,,,,,,,,,,,,,,,,
לחמית דבש ואגוזים,מכיל חמץ,7290115208801,,,,,,,,,,,,,,,,
לחמית חיטה מלאה,מכיל חמץ,7290000075204,,,,,,,,,,,,,,,,
לחמית 5 דגנים,מכיל חמץ,7290106572027,,,,,,,,,,,,,,,,
קרקר חיטה מלאה עם פשתן,מכיל חמץ,7290112495662,,,,,,,,,,,,,,,,
קרקר מלוח,מכיל חמץ,645692556901,,,,,,,,,,,,,,,,
קרקר שומשום,מכיל חמץ,645692556918,,,,,,,,,,,,,,,,
בייגלה בציפוי שוקולד מריר,מכיל חמץ,7290017513782,,,,,,,,,,,,,,,,סופר בכיכר
בייגלה בציפוי שוקולד חלב,מכיל חמץ,7290017513775,,,,,,,,,,,,,,,,
בייגלה בציפוי קרם עוגיות ושוקולד חלב,מכיל חמץ,7290019232834,,,,,,,,,,,,,,,,
חטיף בייגלה אפוי מצופה שוקולד מריר,מכיל חמץ,7290018893517,,,,,,,,,,,,,,,,
חטיף בייגלה אפוי מצופה שוקולד חלב,מכיל חמץ,7290018893715,,,,,,,,,,,,,,,,
חטיף בייגלה אפוי בתוספת שומשום,מכיל חמץ,7290018893852,,,,,,,,,,,,,,,,
תערובת להכנת בראוניז צ'ואי פאדג',מכיל חמץ,644209311316,,,,,,,,,,,,,,,,
דפי בצק פילו עגולים,מכיל חמץ,19883210,,,,,,,,,,,,,,,,
דפי בצק פילו עגולים,מכיל חמץ,7290018380741,,,,,,,,,,,,,,,,
שוקולד חלב במילוי קרם וניל ושברי עוגיות אוראו,מכיל חמץ,7622300617820,,,,,,,,,,,,,,,גלסנר,
עוגיות שוקולד צ'יפס,מכיל חמץ,8710502194825,,,,,,,,,,,,,,,,
שוקולד חלב עם ופל ואגוזי מלך,מכיל חמץ,7290112490117,,,,,,,,,,,,,,,,
פתיתי שיבולת שועל מלאה עבה,מכיל חמץ,7290015161534,,,,,,,,,,,,,,,,
קמח שיבולת שועל מלאה,מכיל חמץ,7290015161558,,,,,,,,,,,,,,,,
קוואקר דק,מכיל חמץ,7290015161541,,,,,,,,,,,,,,,,
משקה שעורה נמס אורגני,מכיל חמץ,7290012475108,,,,,,,,,,,,,,,,
משקה חלב עם בננה ושיבולת שועל מלאה,מכיל חמץ,7290112343420,,,,,,,,,,,,,,,,סופר בכיכר
נתחי סלמון עם פסטה עגבניות וזיתים,מכיל חמץ,7290017617428,,,,,,,,,,,,,,,,
תבשיל פתיתיםופטריות,מכיל חמץ,7290010650804,,,,,,,,,,,,,,,,
תבשיל בורגול ופטריות,מכיל חמץ,7290010650798,,,,,,,,,,,,,,,,
בירה מק שוף,מכיל חמץ,5410769200088,,,,,,,,,,,,,,,,
בירה אואזיס,מכיל חמץ,7290013276117,,,,,,,,,,,,,,,,
בירה אמבר אייל,מכיל חמץ,7290013276124,,,,,,,,,,,,,,,,
מאנצ'ס,מכיל חמץ,7290006342515,,,,,,,,,,,,,,,,
תערובת פיצוחים קלויים,מכיל חמץ,61782525,,,,,,,,,,,,,,,,
תערובת פיצוחים קלויים,מכיל חמץ,7290015652087,,,,,,,,,,,,,,,,
בוטנים אמריקאים מצופים,מכיל חמץ,7290006342560,,,,,,,,,,,,,,,,
בירה ג'מס,מכיל חמץ,7290013713032,,,,,,,,,,,,,,,,
עוגיות מלוחות קריספי עגול,מכיל חמץ,7290115403312,,,,,,,,,,,,,,,,
עוגיות פצפוצי שוקו,מכיל חמץ,12901197,,,,,,,,,,,,,,,,
עוגיות ממולאות בטעם שוקולד,מכיל חמץ,7290115403442,,,,,,,,,,,,,,,,
עוגיות נסיכה מיקס,מכיל חמץ,7290115403466,,,,,,,,,,,,,,,,
עוגיות עינוגים בטעם שוקולד,מכיל חמץ,7290115403473,,,,,,,,,,,,,,,,
גריסים,מכיל חמץ,7290001041154,,,,,,,,,,,,,,,,
גלסנר,מכיל חמץ,7290002319122,,,,,,,,,,,,,,,,
מקרוני,מכיל חמץ,8690946272320,,,,,,,,,,,,,,,,
ספגטי,מכיל חמץ,8690946270074,,,,,,,,,,,,,,,,
פוזילי,מכיל חמץ,8690946270111,,,,,,,,,,,,,,,,
פנה,מכיל חמץ,8690946272207,,,,,,,,,,,,,,,,
דוגלי,מכיל חמץ,7613036105606,,,,,,,,,,,,,,,,
"דוגלי 3 ק""ג עם עוף",מכיל חמץ,7613036105576,,,,,,,,,,,,,,,,
"דוגלי 3 ק""ג לכלבים בוגרים מגזע קטן",מכיל חמץ,7613036105545,,,,,,,,,,,,,,,,
"דוגלי 3 ק""ג לגורים",מכיל חמץ,7613036288026,,,,,,,,,,,,,,,,
פריסקיז נתחי ברביקיו,מכיל חמץ,050000084500,,,,,,,,,,,,,,,,
פריסקיז פאוצ' בקר ברוטב,מכיל חמץ,7613036976695,,,,,,,,,,,,,,,,
פריסקיז פאוצ' עוף ברוטב,מכיל חמץ,7613036976671,,,,,,,,,,,,,,,,
פריסקיז פאוצ' ברווז ברוטב,מכיל חמץ,7613036976718,,,,,,,,,,,,,,,,
"דוגלי 12 ק""ג עם בקר",מכיל חמץ,12179671,,,,,,,,,,,,,,,,
"דוגלי 12 ק""ג עם עוף",מכיל חמץ,7613036105637,,,,,,,,,,,,,,,,
"דוגלי 12 ק""ג לכלבים פעילים",מכיל חמץ,7613036251389,,,,,,,,,,,,,,,,
מזון יבש למשלים לכלבים בוגרים,מכיל חמץ,06147877,,,,,,,,,,,,,,,,
מזון יבש משלים לכלבים בוגרים מגזע קטן,מכיל חמץ,7613035379817,,,,,,,,,,,,,,,,
מזון יבש משלים לחתולים בוגרים,מכיל חמץ,7613036725286,,,,,,,,,,,,,,,,
מזון יבש משלים לחתולים בוגרים,מכיל חמץ,050000237951,,,,,,,,,,,,,,,,
מזון יבש משלים לחתולים בוגרים,מכיל חמץ,050000238910,,,,,,,,,,,,,,,,
מזון יבש משלים לחתולים בוגרים,מכיל חמץ,050000574414,,,,,,,,,,,,,,,,
מזון יבש משלים לחתולים בוגרים,מכיל חמץ,050000578238,,,,,,,,,,,,,,,,
קמח חיטה לבן בהיר,מכיל חמץ,2282003060535,,,,,,,,,,,,,,,,
קמח דורום לפסטה,מכיל חמץ,7290003060610,,,,,,,,,,,,,,,,
קמח חיטה לעוגיות,מכיל חמץ,7290003060597,,,,,,,,,,,,,,,,
קמח תופח,מכיל חמץ,7290015834186,,,,,,,,,,,,,,,,
קמח פיצה ופוקצ'ה,מכיל חמץ,7290003060634,,,,,,,,,,,,,,,,
קמח חיטה לבן מנופה,מכיל חמץ,76870491,,,,,,,,,,,,,,,,
סולת חיטה,מכיל חמץ,7290015834193,,,,,,,,,,,,,,,,
שיבולת שועלעבה,מכיל חמץ,7290015835763,,,,,,,,,,,,,,,,
שיבולת שועל להכנה מהירה,מכיל חמץ,7290017406596,,,,,,,,,,,,,,,,
משקה שיבולת שועל להקפצה בריסטה,מכיל חמץ,7394376616778,,,,,,,,,,,,,,,,
רביולי גריל,מכיל חמץ,7290018566534,,,,,,,,,,,,,,,,
חטיף אורז בטעם צ'ילי,מכיל חמץ,7290018566466,,,,,,,,,,,,,,,,
מנצ'ס,מכיל חמץ,7290018566558,,,,,,,,,,,,,,,,
מנצ'ס,מכיל חמץ,7290018566763,,,,,,,,,,,,,,,,
ממתקי שוקולד חלב כדוריים עם שכבה דקה של וופל במילוי קרם בוטנים,מכיל חמץ,7790580412654,,,,,,,,,,,,,,,,
רבע לשבע,מכיל חמץ,7290106520066,,,,,,,,,,,,,,,,
כיף כף מקלות קוקוס,מכיל חמץ,7290106652996,,,,,,,,,,,,,,,,
כיף כף מקלות שוקולד,מכיל חמץ,7290105363602,,,,,,,,,,,,,,,,
גלסנר,מכיל חמץ,7290107931397,,,,,,,,,,,,,,,,
גסנר,מכיל חמץ,7290110572969,,,,,,,,,,,,,,,,
כיף כף פצפצים,מכיל חמץ,7290106727984,,,,,,,,,,,,,,,,
כיף כף פצפצים,מכיל חמץ,7290110572976,,,,,,,,,,,,,,,,
אגו mix בייגלה מצופה שוקולד חלב,מכיל חמץ,7290015139465,,,,,,,,,,,,,,,,
ביסקויט מצופה שוקולד חלב,מכיל חמץ,7290117262320,,,,,,,,,,,,,,,,
פרלינים אגוזים במיחוי פצפוצי דגנים פריכים מצופים שוקולד חלב,מכיל חמץ,7290117262290,,,,,,,,,,,,,,,,
קורנפלקס מצופה שוקולד חלב,מכיל חמץ,7290117262306,,,,,,,,,,,,,,,,
קינדר וופל במילוי קרם אגוזי לוז חלבי מצופה בשוקולד חלב,מכיל חמץ,8000500121436,,,,,,,,,,,,,,,,
וופל במילוי קרם אגוזי לוז חלבי מצופה בשוקולד חלב,מכיל חמץ,8000500029350,,,,,,,,,,,,,,,,
קינדר ביצה ,מכיל חמץ,80310891,,,,,,,,,,,,,,,גלסהר,
וופל במילוי קרם חלבי וקרם קקאו,מכיל חמץ,8000500023624,,,,,,,,,,,,,,,,
קינדר מבחר וופלים במילוי קרם אגוזי לוז חלבי מצופים שוקולד,מכיל חמץ,8000500249352,,,,,,,,,,,,,,,,
קינדר כדורנים ייחודיים מוופל פריך עם קקאו על מצע קרם חלבי וקרם קקאו,מכיל חמץ,8000500028124,,,,,,,,,,,,,,,,
קינדר וופל במילוי קרם אגוזי לוז חלבי מצופה שוקולד חלב,מכיל חמץ,8000500217740,,,,,,,,,,,,,,,,
צ'וקולטה עוגות אישיות במילוי ובציפוי בטעם שוקולד,מכיל חמץ,7290018893883,,,,,,,,,,,,,,,,
צ'וקולטה עוגיות אישיות במילוי קרם בטעם וניל ובציפוי בטעם שוקולד,מכיל חמץ,7290018893456,,,,,,,,,,,,,,,,
צ'וקטהקקאו,מכיל חמץ,7290018893661,,,,,,,,,,,,,,,,
צ'וקטה עוגות אישיות חמש שכבות במילוי קרם עם קקאו ועיטורים בטעם שוקולד מריר,מכיל חמץ,7290018893265,,,,,,,,,,,,,,,,
צ'וקטה עוגות מגולגלות בטעם קקאו במילוי קרם קקאו ובציפוי בטעם שוקולד,מכיל חמץ,7290018893289,,,,,,,,,,,,,,,,
צ'וקטה עוגות מגולגלות במילוי קרם חלבי  ובציפוי בטעם שוקולד,מכיל חמץ,7290018893081,,,,,,,,,,,,,,,,
צ'וקוטה קוקוס,מכיל חמץ,7290018893487,,,,,,,,,,,,,,,,
בראוניז שוקולד,מכיל חמץ,3178530417340,,,,,,,,,,,,,,,,
צ'וקטה עוגיות חמאה,מכיל חמץ,7290018893296,,,,,,,,,,,,,,,,
עוגיות אלפחורס,מכיל חמץ,7290112415400,,,,,,,,,,,,,,,,
כדורי שוקולד מצופים קוקוס,מכיל חמץ,7290016162219,,,,,,,,,,,,,,,,
עוגת גבינה אפויה,מכיל חמץ,7290016162264,,,,,,,,,,,,,,,,
פס ביסקוויטים,מכיל חמץ,7290016416992,,,,,,,,,,,,,,,,
גבינה פירורים,מכיל חמץ,7290111534010,,,,,,,,,,,,,,,,
פס בטעם שוקולד מצופה,מכיל חמץ,7290000226613,,,,,,,,,,,,,,,,
פחזניות במילוי קרם בטעם פטיסייר וניל,מכיל חמץ,7290115405774,,,,,,,,,,,,,,,,
פס מוס גבינה עם ציפוי בטעם תות שדה,מכיל חמץ,7290016416961,,,,,,,,,,,,,,,,
פחזניות במילוי קרם בטעם שוקולד,מכיל חמץ,7290115405781,,,,,,,,,,,,,,,,
פחזניות במילוי קרם בטעם ריבת חלב,מכיל חמץ,7290115405798,,,,,,,,,,,,,,,,
פחזניות במילוי קרם בטעם תות,מכיל חמץ,7290115405804,,,,,,,,,,,,,,,,
פס בטעם ריבת חלב,מכיל חמץ,7290000226514,,,,,,,,,,,,,,,,
קינוח אישי גבינה ועוגיות,מכיל חמץ,7290115405811,,,,,,,,,,,,,,,,
קינוח אישי תענוג בטעם תות,מכיל חמץ,7290115405118,,,,,,,,,,,,,,,,
טורט בטעם ריבת חלב,מכיל חמץ,7290000226552,,,,,,,,,,,,,,,,
רביולי במילוי גבינות,מכיל חמץ,7290013787736,,,,,,,,,,,,,,,,
רביולי ריקוטה ותרד,מכיל חמץ,7290013787767,,,,,,,,,,,,,,,,
רביולי סלק וגבינת ריקוטהז,מכיל חמץ,7290013787385,,,,,,,,,,,,,,,,
רביולי ארטישוק וגבינת ריקוטה,מכיל חמץ,7290013787378,,,,,,,,,,,,,,,,
רביולי בטטה וגבינת מסקרפונה,מכיל חמץ,06185428,,,,,,,,,,,,,,,,
רביולי במילוי גבינות,מכיל חמץ,7290003989539,,,,,,,,,,,,,,,,
טורטליני במילוי פטריות,מכיל חמץ,7290003989553,,,,,,,,,,,,,,,,
משפר אפייה,מכיל חמץ,7290000453125,,,,,,,,,,,,,,,,
גלסנר,מכיל חמץ,7290116930282,,,,,,,,,,,,,,,,
גלסנר,מכיל חמץ,7290116930626,,,,,,,,,,,,,,,,
ארוחת גבינה בקטנה,מכיל חמץ,7290110327316,,,,,,,,,,,,,,,,
יוגורט ביו קרמי בתוספת גרנולה וסירופ עם סילאן,מכיל חמץ,968774451292,,,,,,,,,,,,,,,,
בצק פילו מוקפא,מכיל חמץ,7290006739131,,,,,,,,,,,,,,,,
בצק פריך מלוח,מכיל חמץ,06051051,,,,,,,,,,,,,,,,
עלי בצק למילוי קפוא,מכיל חמץ,7290004256753,,,,,,,,,,,,,,,,
בצק עלים מרודד קפוא,מכיל חמץ,18502596,,,,,,,,,,,,,,,,
בצק עלים מרודד קפוא,מכיל חמץ,06906816,,,,,,,,,,,,,,,,
ריבועי בצק עלים מרודד למילוי מתוק או מלוח,מכיל חמץ,7290002277422,,,,,,,,,,,,,,,,
עלי בצק למילוי קפוא,מכיל חמץ,7290002603917,,,,,,,,,,,,,,,,
בצק פילו קפוא,מכיל חמץ,7290008343466,,,,,,,,,,,,,,,,
בצק פילאס מוקפא,מכיל חמץ,7290006739124,,,,,,,,,,,,,,,,
בצק פילאס קפוא,מכיל חמץ,7290003069682,,,,,,,,,,,,,,,,
ג'חנון לאפייה,מכיל חמץ,7290006271174,,,,,,,,,,,,,,,,
ג'חנון אפוי,מכיל חמץ,7290006271181,,,,,,,,,,,,,,,,
בצק שמרים עלים,מכיל חמץ,29043156,,,,,,,,,,,,,,,,
בצק עלים מרודד,מכיל חמץ,7290000238029,,,,,,,,,,,,,,,,
בצק פריך מתוק,מכיל חמץ,7290013117410,,,,,,,,,,,,,,,,
בורקס  במילוי גבינה,מכיל חמץ,7290000238173,,,,,,,,,,,,,,,,
בורקס במילוי תפוח אדמה,מכיל חמץ,7290000238180,,,,,,,,,,,,,,,,
מלוואח,מכיל חמץ,7290002651123,,,,,,,,,,,,,,,,
בצק עלים מרודד קפוא,מכיל חמץ,7290002410072,,,,,,,,,,,,,,,,
בצק עלים מרודד,מכיל חמץ,7290002735007,,,,,,,,,,,,,,,,
מלוואח,מכיל חמץ,7290002735014,,,,,,,,,,,,,,,,
ג'חנון אפוי,מכיל חמץ,7190002735277,,,,,,,,,,,,,,,,
בורקס גבינה,מכיל חמץ,7290000531977,,,,,,,,,,,,,,,,
ג'חנון תימני מקורי קפוא,מכיל חמץ,7290002327028,,,,,,,,,,,,,,,,
מיני ג'חנון תימני אפוי קפוא,מכיל חמץ,7290008343510,,,,,,,,,,,,,,,,
מיני בורקס גבינה,מכיל חמץ,7290002327912,,,,,,,,,,,,,,,,
בורקס פילו אצבעות גבינה,מכיל חמץ,7290002757535,,,,,,,,,,,,,,,,
ג'חנון תימני אפוי קפוא,מכיל חמץ,7290008343503,,,,,,,,,,,,,,,,
מקלות בורקס פילו גבינה,מכיל חמץ,7290004230944,,,,,,,,,,,,,,,,
ג'חנון תימני מקורי קפוא,מכיל חמץ,7290002327103,,,,,,,,,,,,,,,,
מיני בורקס פילו גבינה,מכיל חמץ,7290002775010,,,,,,,,,,,,,,,,
בורקס תפוחי אדמה,מכיל חמץ,7290002327042,,,,,,,,,,,,,,,,
מיני בורקס תפוח אדמה,מכיל חמץ,7290002327929,,,,,,,,,,,,,,,,
ג'חנון אפוי למיקרוגל - קפוא,מכיל חמץ,7290002512066,,,,,,,,,,,,,,,,
ג'חנון,מכיל חמץ,7290002512011,,,,,,,,,,,,,,,,
ג'חנון מופחת שומן רווי,מכיל חמץ,7290002512264,,,,,,,,,,,,,,,,
בצק עלים ,מכיל חמץ,7290002512035,,,,,,,,,,,,,,,,
שערות קדאיף,מכיל חמץ,7290018904404,,,,,,,,,,,,,,,,
קדאיף מוקפא,מכיל חמץ,7290108501827,,,,,,,,,,,,,,,,
סימיט. בייגלה עם שומשום,מכיל חמץ,7290108506426,,,,,,,,,,,,,,,,
כנאפה,מכיל חמץ,7290108507188,,,,,,,,,,,,,,,,
אניולוטי ראגו,מכיל חמץ,7290018339213,,,,,,,,,,,,,,,,
פסטה טליוליני,מכיל חמץ,7290018339251,,,,,,,,,,,,,,,,
פסטה פטוצ'יני,מכיל חמץ,7290018339268,,,,,,,,,,,,,,,,
טורטליני עוף,מכיל חמץ,7290018339220,,,,,,,,,,,,,,,,
טורטליני ראגו,מכיל חמץ,7290018339206,,,,,,,,,,,,,,,,
כדורי בצק למאפים,מכיל חמץ,7290013787477,,,,,,,,,,,,,,,,
נשנושי גבינה,מכיל חמץ,7290115678642,,,,,,,,,,,,,,,,
נשנושי גבינה,מכיל חמץ,7290115678635,,,,,,,,,,,,,,,,
שניצל טופו בטעם פיקנטי,מכיל חמץ,7290003726790,,,,,,,,,,,,,,,,
שניצל טופו בטעם עוף,מכיל חמץ,7290003726776,,,,,,,,,,,,,,,,
שניצל טופו עם ברוקולי,מכיל חמץ,7290003726806,,,,,,,,,,,,,,,,
מאפה פילאס טבעוני במילוי בטעם בשר,מכיל חמץ,7290109640778,,,,,,,,,,,,,,,,
מאפה פילאס במילוי פטה טבעונית,מכיל חמץ,7290109640761,,,,,,,,,,,,,,,,
שניצל דק צמחוני,מכיל חמץ,7290111566318,,,,,,,,,,,,,,,,
כדורי בשר צמחוניים,מכיל חמץ,51226466,,,,,,,,,,,,,,,,
בורגר צמחוני,מכיל חמץ,7613039770450,,,,,,,,,,,,,,,,
טחון צמחוני,מכיל חמץ,7613039771174,,,,,,,,,,,,,,,,
שניצל דק צמחוני בטעם צ'ילי,מכיל חמץ,7290111566240,,,,,,,,,,,,,,,,
שניצל תירס,מכיל חמץ,7290000300900,,,,,,,,,,,,,,,,
שניצל צמחי,מכיל חמץ,7290015681179,,,,,,,,,,,,,,,,
שניצל צמחי דק,מכיל חמץ,7290016865141,,,,,,,,,,,,,,,,
נגיסי תירס,מכיל חמץ,7290015681148,,,,,,,,,,,,,,,,
שניצל תירס,מכיל חמץ,7290015681162,,,,,,,,,,,,,,,,
לבבות תירס בציפוי זהוב,מכיל חמץ,7290010903498,,,,,,,,,,,,,,,,
"שניצל תירס 2 ק""ג",מכיל חמץ,7290016733693,,,,,,,,,,,,,,,,
קריספי סטיקס,מכיל חמץ,7290000536743,,,,,,,,,,,,,,,,
שניצל תירס,מכיל חמץ,7290109580043,,,,,,,,,,,,,,,,
שניצל מן הצומח,מכיל חמץ,7290000536316,,,,,,,,,,,,,,,,
נקניקיות מן הצומח,מכיל חמץ,7290000536774,,,,,,,,,,,,,,,,
ארוחת תפוח עץ עם שיבולת שועל,מכיל חמץ,7290018516355,,,,,,,,,,,,,,,,
ספומנטה ורדי אסאי ספרקלטיני,מכיל חמץ,8002450202005,,,,,,,,,,,,,,,,
ספומנטה ורדי תות ספרקלטיני,מכיל חמץ,8002450205006,,,,,,,,,,,,,,,,
ספומנטה ורדי אבטיח ספרקלטיני,מכיל חמץ,8002450203002,,,,,,,,,,,,,,,,
ספומנטה ורדי אפרסק ספרקלטיני,מכיל חמץ,8002450204009,,,,,,,,,,,,,,,,
קציצות דג סלמון לבישול,מכיל חמץ,7290002507451,,,,,,,,,,,,,,,,
פילה אמנון מצופה,מכיל חמץ,7290014748651,,,,,,,,,,,,,,,,
שניצל דג,מכיל חמץ,7290002129424,,,,,,,,,,,,,,,,
"ביסבול כדורי פירה תפו""א בציפוי פריך",מכיל חמץ,7290011860271,,,,,,,,,,,,,,,,
קציצות עוף והודו,מכיל חמץ,7290008409773,,,,,,,,,,,,,,,,
להקפצה ים ירקות,מכיל חמץ,7290013675811,,,,,,,,,,,,,,,,
שניצל תירס עוף,מכיל חמץ,7290011876494,,,,,,,,,,,,,,,,
צ'ונגו פופקורן,מכיל חמץ,7290018236635,,,,,,,,,,,,,,,,
קציצות עוף ובקר,מכיל חמץ,7290011876388,,,,,,,,,,,,,,,,
שניצל אמריקאי,מכיל חמץ,7290004061449,,,,,,,,,,,,,,,,
טבעות בצל,מכיל חמץ,7290002026365,,,,,,,,,,,,,,,,
שניצל צמחי דק,מכיל חמץ,2201172903924,,,,,,,,,,,,,,,,
לביבות בטטה קארי,מכיל חמץ,7290115201451,,,,,,,,,,,,,,,,
BOWL דגנים,מכיל חמץ,7290112965981,,,,,,,,,,,,,,,,
לביבות סלק,מכיל חמץ,7290115202212,,,,,,,,,,,,,,,,
חטיפי כרובית,מכיל חמץ,7290112968784,,,,,,,,,,,,,,,,
בורגר חלפיניו,מכיל חמץ,7290115207798,,,,,,,,,,,,,,,,
,מכיל חמץ,7290012522581,,,,,,,,,,,,,,,,
טחון צמחוני,מכיל חמץ,7290111566417,,,,,,,,,,,,,,,,
כדורי בשר צמחוניים,מכיל חמץ,7290111564666,,,,,,,,,,,,,,,,
שווארמה צמחונית,מכיל חמץ,7290112962287,,,,,,,,,,,,,,,,
נקניקיות קוקטייל צמחוניות,מכיל חמץ,7290111566776,,,,,,,,,,,,,,,,
נקניקיות וינר צמחוניות,מכיל חמץ,7290111566332,,,,,,,,,,,,,,,,
נקניקיות טבעוניות,מכיל חמץ,7290115207811,,,,,,,,,,,,,,,,
נקניקיות צמחוניות,מכיל חמץ,7290109358260,,,,,,,,,,,,,,,,
בורגר צמחוני,מכיל חמץ,7290112964724,,,,,,,,,,,,,,,,
שניצל צמחוני,מכיל חמץ,7290111566585,,,,,,,,,,,,,,,,
בורגר צמחוני,מכיל חמץ,7290111566714,,,,,,,,,,,,,,,,
שניצל ברוקולי,מכיל חמץ,7290111566226,,,,,,,,,,,,,,,,
קציצות קינואה וברוקולי,מכיל חמץ,7290112965363,,,,,,,,,,,,,,,,
שניצל תרד,מכיל חמץ,7290111566691,,,,,,,,,,,,,,,,
נאגטס ירקות ירוקים,מכיל חמץ,7290112965943,,,,,,,,,,,,,,,,
חטיפים צמחוניים בטעם עוף,מכיל חמץ,7290115209136,,,,,,,,,,,,,,,,
"שניצל תירס 1.3 ק""ג",מכיל חמץ,7290112968708,,,,,,,,,,,,,,,,
נאגטס ירקות כתומים,מכיל חמץ,29027965,,,,,,,,,,,,,,,,
שניצל תירס,מכיל חמץ,8117610580043,,,,,,,,,,,,,,,,
חטיפי תירס מן הצומח,מכיל חמץ,7290109580487,,,,,,,,,,,,,,,,
שניצלונים מן הצומח,מכיל חמץ,7290109580470,,,,,,,,,,,,,,,,
נאגטס SPICY מן הצומח,מכיל חמץ,7290109580463,,,,,,,,,,,,,,,,
נקניקיות טבעוניות למחבת או לתנור,מכיל חמץ,7290012226342,,,,,,,,,,,,,,,,
פירורי לחם,מכיל חמץ,7290100700075,,,,,,,,,,,,,,,,
קבוקים,מכיל חמץ,12310336,,,,,,,,,,,,,,,,
קבוקים,מכיל חמץ,7290015652292,,,,,,,,,,,,,,,גלסנר,
בוטנים אמריקאיים,מכיל חמץ,7290015652322,,,,,,,,,,,,,,,גלסנר,
בוטנים מצופים,מכיל חמץ,7290003009329,,,,,,,,,,,,,,,,
אלמנדוס,מכיל חמץ,7290003896141,,,,,,,,,,,,,,,,
בירה מאלט,מכיל חמץ,7290006764065,,,,,,,,,,,,,,,,
בירה בסגנון לאגר,מכיל חמץ,7290002871248,,,,,,,,,,,,,,,סופר בכיכר,
בירה קרלסברג,מכיל חמץ,7290002871361,,,,,,,,,,,,,,,,
בירת חיטה מעוננת - ויינשטפן,מכיל חמץ,4105120623941,,,,,,,,,,,,,,,,סופר בכיכר
בירה קרומבכר,מכיל חמץ,4008287762020,,,,,,,,,,,,,,,,
פאולנר - בירת חיטה מעוננת ,מכיל חמץ,4066600999614,,,,,,,,,,,,,,,סופר בכיכר,
בירה מלכה אדמונית,מכיל חמץ,7290012921032,,,,,,,,,,,,,,,,
בירה בלומון,מכיל חמץ,8593868006014,,,,,,,,,,,,,,,,
בירה וולטר'ס פילזנר,מכיל חמץ,4079400330129,,,,,,,,,,,,,,,,
בירה היינקן,מכיל חמץ,7290008464604,,,,,,,,,,,,,,,,
בירה סטלה ארטואה,מכיל חמץ,7290002542773,,,,,,,,,,,,,,,,
שישיית בירה בק'ס,מכיל חמץ,4100130937163,,,,,,,,,,,,,,,,
שישיית בירה היינקן,מכיל חמץ,8712000051099,,,,,,,,,,,,,,,,
גלסנר,מכיל חמץ,7290005896439,,,,,,,,,,,,,,,,
בירה היינקן,מכיל חמץ,7290010237890,,,,,,,,,,,,,,,סופר בכיכר,
בירה JEM'S,מכיל חמץ,5296413713025,,,,,,,,,,,,,,,,
בירה אואזיס,מכיל חמץ,7290019443124,,,,,,,,,,,,,,,,
בירה אלכסנדר,מכיל חמץ,7290013430090,,,,,,,,,,,,,,,,
בירה סאן מיגל ללא גלוטן,מכיל חמץ,8410655002458,,,,,,,,,,,,,,,,
בירה בתוספת מיץ פירות לימפנס פרוטס,מכיל חמץ,5411686700118,,,,,,,,,,,,,,,,
בירה חזקה בתוספת מיץ דובדבנים - צ'רי שוף,מכיל חמץ,5410769800097,,,,,,,,,,,,,,,,
בירה חזקה לף בלונד,מכיל חמץ,7290002542797,,,,,,,,,,,,,,,,
בירה לאגר כהה גולדסטאר,מכיל חמץ,7290006764072,,,,,,,,,,,,,,,סופר בכיכר,
בירה גולדסטאר לא מסונן,מכיל חמץ,7290006764157,,,,,,,,,,,,,,,,
בירה בתוספת משקה בטעם תפוח,מכיל חמץ,7290011133368,,,,,,,,,,,,,,,,
שישיית בירה גולדסטאר,מכיל חמץ,7290008464734,,,,,,,,,,,,,,,,
ארוחת תפוח עץ עם שיבולת שועל,מכיל חמץ,7290018516324,,,,,,,,,,,,,,,,
ביסקוויט סנדוויץ',מכיל חמץ,8691707066035,,,,,,,,,,,,,,,,
בייגל שמיניות גדולות מקמח כוסמין עם מלח,מכיל חמץ,7290019303312,,,,,,,,,,,,,,,,
ספומנטה ורדי גרין אפל ספרקלטיני,מכיל חמץ,022050208007,,,,,,,,,,,,,,,,
ספומנטה ורדי אפרסק ספרקלטיני,מכיל חמץ,8002450409206,,,,,,,,,,,,,,,,
וופל פריך עם מילוי הטעם קרמל מצופה שוקולד חלב,מכיל חמץ,3800020472569,,,,,,,,,,,,,,,,
אצבעות וופל מצופה שוקולד חלב בתוספת 4.8% שומנים צמחיים,מכיל חמץ,5000189974579,,,,,,,,,,,,,,,,
מילקה אוראו סנדוויץ',מכיל חמץ,7622210826053,,,,,,,,,,,,,,,,
עוגיות עם שבבי שוקולד מצופות למחצה בשוקולד חלב,מכיל חמץ,7622201502515,,,,,,,,,,,,,,,,
ביסקויט מצופה בשוקולד חלב,מכיל חמץ,7622300503079,,,,,,,,,,,,,,,,
עוגיות סנדוויץ' בטעם שוקולד ממולאות בקרם בטעם וניל,מכיל חמץ,7622201808631,,,,,,,,,,,,,,,,סופר בכיכר
מעדן קפוא בטעם וניל עם צימקאו וופל ושברי אגוזים לוז מסוכרים,מכיל חמץ,12549049,,,,,,,,,,,,,,,,
פתי בר שוקו,מכיל חמץ,8690646389267,,,,,,,,,,,,,,,,
מיני דונאטס,מכיל חמץ,8681270476164,,,,,,,,,,,,,,,,
פתי בר ביסקויט ,מכיל חמץ,8690646389250,,,,,,,,,,,,,,,,
שיבולת שועל עבה להכנה מהירה,מכיל חמץ,7290014095960,,,,,,,,,,,,,,,גלסנר,
חטיפים יפני במשקל,מכיל חמץ,2906923001507,,,,,,,,,,,,,,,,
חטיפים יפני במשקל. חטיף בוטן רביולי,מכיל חמץ,2906923001842,,,,,,,,,,,,,,,,
מיני טורטייה מקמח חיטה,מכיל חמץ,7290113199323,,,,,,,,,,,,,,,,
טורטייה בתוספת קמח תירס,מכיל חמץ,7290019297161,,,,,,,,,,,,,,,גלסנר,
טורטייה בתוספת חיטה מלאה,מכיל חמץ,7290006765000,,,,,,,,,,,,,,,,
טורטייה מקמח חיטה,מכיל חמץ,7290117901755,,,,,,,,,,,,,,,,
טורטייה מקמח חיטה,מכיל חמץ,8697826469092,,,,,,,,,,,,,,,,
טורטיה חיטה מפחתת קלוריות,מכיל חמץ,7290113192881,,,,,,,,,,,,,,,,
מארז בוטנים קלויים מצופים,מכיל חמץ,7290014472914,,,,,,,,,,,,,,,,
פיצה משפחתית דקה,מכיל חמץ,7290002281474,,,,,,,,,,,,,,,,
פיצה נפוליטנה,מכיל חמץ,7290018091906,,,,,,,,,,,,,,,,
פיצה מרגריטה,מכיל חמץ,7290003069705,,,,,,,,,,,,,,,,
פיצה איטלית דקה,מכיל חמץ,7290002129493,,,,,,,,,,,,,,,,
פיצת השף מאיטליה,מכיל חמץ,7290002603481,,,,,,,,,,,,,,,,
מלאווח תימני,מכיל חמץ,7290006741387,,,,,,,,,,,,,,,,
"מאפה במילוי גבינה, מוקפא",מכיל חמץ,7290013117212,,,,,,,,,,,,,,,,
בצק עלים מרודד קפוא,מכיל חמץ,7290002327059,,,,,,,,,,,,,,,,
בורקס גבינה,מכיל חמץ,7290017303437,,,,,,,,,,,,,,,,
ג'חנון,מכיל חמץ,7290017303444,,,,,,,,,,,,,,,,
ג'חנון,מכיל חמץ,7290017303451,,,,,,,,,,,,,,,,
"בצק עלים במילוי מחית תפו""א, מוקפא",מכיל חמץ,7290017303420,,,,,,,,,,,,,,,,
בצק עלים צרפתי,מכיל חמץ,7290016083255,,,,,,,,,,,,,,,,
מלווח מופחת שומן רווי,מכיל חמץ,7290002512257,,,,,,,,,,,,,,,,
בצק עלים אלפא,מכיל חמץ,7290002512547,,,,,,,,,,,,,,,,
מלווח אלפא,מכיל חמץ,7290002512509,,,,,,,,,,,,,,,,
מלווח מוקפא,מכיל חמץ,7290000238036,,,,,,,,,,,,,,,,
בורקס פילו תפוחי אדמה,מכיל חמץ,7290013117229,,,,,,,,,,,,,,,,
מיני בורקס במילוי גבינה,מכיל חמץ,7290006271655,,,,,,,,,,,,,,,,
בצק פילאס תורכי,מכיל חמץ,7290005559990,,,,,,,,,,,,,,,,
ג'חנון אפוי,מכיל חמץ,12640403,,,,,,,,,,,,,,,,
קובה חמוסטה,מכיל חמץ,7290002757146,,,,,,,,,,,,,,,,
קובה למרק,מכיל חמץ,7290004048679,,,,,,,,,,,,,,,,
אגרול סיני,מכיל חמץ,7290008343572,,,,,,,,,,,,,,,,
כדורי פלאפל,מכיל חמץ,7290008343626,,,,,,,,,,,,,,,,
פסטל בשר,מכיל חמץ,7290002857617,,,,,,,,,,,,,,,,
קובה פטריות למרק,מכיל חמץ,7290002857600,,,,,,,,,,,,,,,,
קובה בשר,מכיל חמץ,7290008343602,,,,,,,,,,,,,,,,
עלי סיגר,מכיל חמץ,7290002255215,,,,,,,,,,,,,,,,
פסטלים במילוי בשר,מכיל חמץ,7290002255475,,,,,,,,,,,,,,,,
"סיגרים במילוי תפו""א",מכיל חמץ,7290015374019,,,,,,,,,,,,,,,,
קרפלך,מכיל חמץ,7290015374071,,,,,,,,,,,,,,,,
סיגרים בטעם בשר,מכיל חמץ,7290015374002,,,,,,,,,,,,,,,,
פלאפל,מכיל חמץ,7290002255055,,,,,,,,,,,,,,,,
שערות קדאיף קפוא,מכיל חמץ,7290002757542,,,,,,,,,,,,,,,,
בלינצ'ס גבינה חם מהמקפיא,מכיל חמץ,7290002026402,,,,,,,,,,,,,,,,
אצבעות דג,מכיל חמץ,7290008347211,,,,,,,,,,,,,,,,
נאגטס מן הצומח,מכיל חמץ,7290109580241,,,,,,,,,,,,,,,,
נקניקיות מן הצומח,מכיל חמץ,7290112968722,,,,,,,,,,,,,,,,
חטיפי תירס,מכיל חמץ,7290111566271,,,,,,,,,,,,,,,,
שניצל תירס,מכיל חמץ,7290111566752,,,,,,,,,,,,,,,,
שניצל ברוקולי,מכיל חמץ,7290111566561,,,,,,,,,,,,,,,,
אטריות מהירות להכנה על בסיס חיטה,מכיל חמץ,6934731200078,,,,,,,,,,,,,,,,
קמח טמפורה,מכיל חמץ,8850180040028,,,,,,,,,,,,,,,,
אטריות ביצים ,מכיל חמץ,7290015603188,,,,,,,,,,,,,,,,
תיבול לשניצל קלאסי,מכיל חמץ,7290003078073,,,,,,,,,,,,,,,,
פנקו - פירור יפני עדין,מכיל חמץ,7290011091873,,,,,,,,,,,,,,,,
תיבול לשניצל מקסיקני פיקנטי,מכיל חמץ,7290003078554,,,,,,,,,,,,,,,,
תיבול לשניצל אמריקאי,מכיל חמץ,7290003078561,,,,,,,,,,,,,,,,
גלסנר,מכיל חמץ,7290100680667,,,,,,,,,,,,,,,,
נודלס בטעם בקר,מכיל חמץ,7290000073767,,,,,,,,,,,,,,,,סופר בכיכר
נודלס בטעם תאילנדי,מכיל חמץ,7290100680650,,,,,,,,,,,,,,,,
נודלס בטעם פיקנטי,מכיל חמץ,7290000073774,,,,,,,,,,,,,,,,
נודלס בטעם עוף,מכיל חמץ,7290000073750,,,,,,,,,,,,,,,,
תאי נודלס,מכיל חמץ,7290010176212,,,,,,,,,,,,,,,,
גלסטנר,מכיל חמץ,7290010176243,,,,,,,,,,,,,,,,
תאי נודלס אטריות בטעם בקר,מכיל חמץ,7290010176229,,,,,,,,,,,,,,,,
תאי נודלס אטריות בטעם ירקות,מכיל חמץ,7290010176236,,,,,,,,,,,,,,,,
תערובת להכנת פלאפל,מכיל חמץ,7290006983206,,,,,,,,,,,,,,,,
פסק זמן פופקורן,מכיל חמץ,7290110574420,,,,,,,,,,,,,,,,
אקסטרים פקאן ענק,מכיל חמץ,7290004872786,,,,,,,,,,,,,,,,
משקה שיבולת שועל אורגני,מכיל חמץ,7290017325613,,,,,,,,,,,,,,,,
מחית ירוקה על בסיס קארי,מכיל חמץ,8850367994779,,,,,,,,,,,,,,,,
נודלס בטעם עוף,מכיל חמץ,7290018972762,,,,,,,,,,,,,,,,
נודלס בטעם ירקות,מכיל חמץ,7290018972786,,,,,,,,,,,,,,,,
נודלס בטעם בקר,מכיל חמץ,7290018972779,,,,,,,,,,,,,,,,
גלסנר,מכיל חמץ,7290010259861,,,,,,,,,,,,,,,,
גלסנר,מכיל חמץ,7290010259823,,,,,,,,,,,,,,,,
גלסנר,מכיל חמץ,7290010259847,,,,,,,,,,,,,,,,
גלסנר,מכיל חמץ,7290010259854,,,,,,,,,,,,,,,,
מנצ'ס,מכיל חמץ,7290015652308,,,,,,,,,,,,,,,,
בוטנים מצופים,מכיל חמץ,7290000561578,,,,,,,,,,,,,,,,
קבוקים שומשום,מכיל חמץ,04563402,,,,,,,,,,,,,,,,
אלמנדוס,מכיל חמץ,7290018050491,,,,,,,,,,,,,,,,
קבוקים,מכיל חמץ,7290018050644,,,,,,,,,,,,,,,,
ממתק ליקריץ בלוק,מכיל חמץ,7290018741375,,,,,,,,,,,,,,,,
ממתק שטיח,מכיל חמץ,7290018741313,,,,,,,,,,,,,,,,
מנצ'ס,מכיל חמץ,7290002963936,,,,,,,,,,,,,,,,
עוגיות שוקולד צ'יפס,מכיל חמץ,046214731552,,,,,,,,,,,,,,,,
THINS ביסקויטים דקים,מכיל חמץ,8690504081913,,,,,,,,,,,,,,,,
THINS ביסקווי דקים טים,מכיל חמץ,8690504081920,,,,,,,,,,,,,,,,
קוביות וופל פריך במילוי קרם אגוזי לוז,מכיל חמץ,8000380005918,,,,,,,,,,,,,,,,
קוביות וופל במילוי קרם קקאו ושוקולד,מכיל חמץ,8000380005963,,,,,,,,,,,,,,,,
ביסקויט סנדוויץ',מכיל חמץ,5901414203962,,,,,,,,,,,,,,,,
פסק זמן 2 Good,מכיל חמץ,72994061,,,,,,,,,,,,,,,,סופר בכיכר
פסק זמן 2 Good,מכיל חמץ,72994061,,,,,,,,,,,,,,,,
פסק זמן CRUNCH,מכיל חמץ,7290112358004,,,,,,,,,,,,,,,גלסנר,
פסק זמן CRUNCH,מכיל חמץ,7290112358004,,,,,,,,,,,,,,,,
קינדר בואנו,מכיל חמץ,80761761,,,,,,,,,,,,,,,,
ממתק חמוץ בטעם תותי פרוטי,מכיל חמץ,04775635,,,,,,,,,,,,,,,,
וופל במילוי קרם קוקוס בציפוי שוקולד חלב,מכיל חמץ,80001485,,,,,,,,,,,,,,,,
וופל במילוי קרם אגוזי לוז בציפוי שוקולד חלב,מכיל חמץ,80001287,,,,,,,,,,,,,,,,
וופל במילוי קרם חמאת בוטנים בציפוי שוקולד חלב,מכיל חמץ,80864059,,,,,,,,,,,,,,,,
וופל במילוי קרם בטעם שוקולד בציפוי שוקולד חלב,מכיל חמץ,80001461,,,,,,,,,,,,,,,,
עוגיות בטעם שוקו,מכיל חמץ,710069055452,,,,,,,,,,,,,,,,
עוגיות בטעם וניל,מכיל חמץ,710069006867,,,,,,,,,,,,,,,,
חטיף וופל קרמל אורז תפוח ושבבי קוקוס מצופה שוקולד חלב,מכיל חמץ,5900352012605,,,,,,,,,,,,,,,,
וופל במילוי קרם בטעם אגוזי לוז בציפוי שוקולד חלב,מכיל חמץ,8690120060408,,,,,,,,,,,,,,,,
ופל מצופה שוקולד חלב,מכיל חמץ,5900394009762,,,,,,,,,,,,,,,,
וופלים עם קרם אגוזים מצופים שוקולד חלב,מכיל חמץ,8690120060170,,,,,,,,,,,,,,,,
מאפין עם שוקוצ'יפס,מכיל חמץ,7290006775405,,,,,,,,,,,,,,,,
יזיקי שרי,מכיל חמץ,5900352006468,,,,,,,,,,,,,,,,
ביסקויט מצופה עם קרמל אגוזים ופצפוצי אורז,מכיל חמץ,5900352002361,,,,,,,,,,,,,,,,
ביסקויט מצופה עם קפה,מכיל חמץ,5900352004457,,,,,,,,,,,,,,,,
ביסקויט מצופה שוקולד מריר מילוי קרם קוקוס,מכיל חמץ,5900352004044,,,,,,,,,,,,,,,,
וופל במילוי קרם בטעם וניל,מכיל חמץ,5900352014449,,,,,,,,,,,,,,,,
וופל במילוי קרם בטעם קרמל,מכיל חמץ,5900352014470,,,,,,,,,,,,,,,,
וופלים כהים עם קרם קוקוס,מכיל חמץ,5900352015576,,,,,,,,,,,,,,,,
גלידת שוקולד לבן עם ליבת שוקולד נוגט,מכיל חמץ,7290101113584,,,,,,,,,,,,,,,,
גלידת שוקולד לבן עם ליבת שוקולד נוגט,מכיל חמץ,7290101113584,,,,,,,,,,,,,,,,
YOLO בלונד&בייגלה,מכיל חמץ,7290101113751,,,,,,,,,,,,,,,,
CRUNCH בטעם בלונד בייגלה,מכיל חמץ,7290019293903,,,,,,,,,,,,,,,,
CRUNCH בטעם בלונד בייגלה,מכיל חמץ,7290019293903,,,,,,,,,,,,,,,,
דלישס נודלס בסגנון סצ'ואן חריף,מכיל חמץ,7290110554125,,,,,,,,,,,,,,,,
דלישס נודלס טרעאקי,מכיל חמץ,7290115677362,,,,,,,,,,,,,,,,
דלישס פסטה רוזה,מכיל חמץ,7290112354174,,,,,,,,,,,,,,,,
דלישס פסטה עגבניות,מכיל חמץ,7290112354204,,,,,,,,,,,,,,,,
שניצל ג'ונגל,מכיל חמץ,7290008409124,,,,,,,,,,,,,,,,
צ'ונגו,מכיל חמץ,7290014749245,,,,,,,,,,,,,,,,
"קינדר דליס, עוגת ספוג קקאו במילוי חלבי",מכיל חמץ,8000500267103,,,,,,,,,,,,,,,,
עוגיות שוקולד צ'יפס בציפוי שוקולד חלב,מכיל חמץ,8710502279003,,,,,,,,,,,,,,,,
עוגיות עם שוקולד צ'יפס במילוי קרם אגוזים,מכיל חמץ,8710502470035,,,,,,,,,,,,,,,,
עוגיות שוקולד צ'יפס במרקם רך עם שוקולד מריר שוקולד חלב ושוקולד לבן,מכיל חמץ,8710502060021,,,,,,,,,,,,,,,,
טמפורה,מכיל חמץ,7290011996758,,,,,,,,,,,,,,,,
פנקו,מכיל חמץ,7290011996789,,,,,,,,,,,,,,,,
רוטב טריאקי עם שומשום,מכיל חמץ,7290012911156,,,,,,,,,,,,,,,,
"רוטב,פאד תאי",מכיל חמץ,7290011996604,,,,,,,,,,,,,,,,
רוטב סויה כהה,מכיל חמץ,7290012911095,,,,,,,,,,,,,,,,
רוטב סויה בהירה,מכיל חמץ,7290012911088,,,,,,,,,,,,,,,,
רוטב טריאקי,מכיל חמץ,7290014785113,,,,,,,,,,,,,,,,
רוטב פטריות צמחוני,מכיל חמץ,7290014785052,,,,,,,,,,,,,,,,
רוטב סויה קיקומן,מכיל חמץ,7290017677811,,,,,,,,,,,,,,,גלסנר,סופר בכיכר
רוטב סויה קיקומן,מכיל חמץ,7290017677811,,,,,,,,,,,,,,,,
רוטב טריאקי קיקומן,מכיל חמץ,041390010309,,,,,,,,,,,,,,,,
רוטב טריאקי קיקומן,מכיל חמץ,041390010309,,,,,,,,,,,,,,,,
רוטב סויה בסגנון יפני,מכיל חמץ,7290011996178,,,,,,,,,,,,,,,,
רוטב להקפצה,מכיל חמץ,7290114603508,,,,,,,,,,,,,,,,
פונזו,מכיל חמץ,8715035520301,,,,,,,,,,,,,,,,
פונזו לימון,מכיל חמץ,8715035520301,,,,,,,,,,,,,,,,
רוטב טריאקי יאמאסה,מכיל חמץ,4903001930993,,,,,,,,,,,,,,,,
רוטב טריאקי יאמאסה,מכיל חמץ,4903001930993,,,,,,,,,,,,,,,,
רוטב סויה,מכיל חמץ,7290111938481,,,,,,,,,,,,,,,,
גלסנר,מכיל חמץ,7290107646062,,,,,,,,,,,,,,,,
מרק בצל,מכיל חמץ,7290107646062,,,,,,,,,,,,,,,,
מרק פטריות,מכיל חמץ,7290112492982,,,,,,,,,,,,,,,,
מרק פטריות,מכיל חמץ,7290112492982,,,,,,,,,,,,,,,,
מרק ירקות,מכיל חמץ,7290116533216,,,,,,,,,,,,,,,,
תיבוליות 8 קוביות תיבול פטריות,מכיל חמץ,7290003804382,,,,,,,,,,,,,,,,
תיבוליות פטריות,מכיל חמץ,7290003804382,,,,,,,,,,,,,,,,
תיבוליות 8 קוביות תיבול ניחוח צלי,מכיל חמץ,7290112494153,,,,,,,,,,,,,,,,
תיבוליות ניחוח צלי,מכיל חמץ,7290112494153,,,,,,,,,,,,,,,,
מטרנה דגנים מעורבים,מכיל חמץ,7290006992208,,,,,,,,,,,,,,,,
מטרנה סולת,מכיל חמץ,7290006992192,,,,,,,,,,,,,,,,
שימורי מזון מלא גורמה לחתולים נתחי הודו,מכיל חמץ,050000426447,,,,,,,,,,,,,,,,
שימורי מזון מלא גורמה לחתולים עוף ברוטב עשיר,מכיל חמץ,050000578450,,,,,,,,,,,,,,,,
שימורי מזון מלא גורמה לחתולים לבבות עוף וכבד ברוטב עשיר,מכיל חמץ,050000292615,,,,,,,,,,,,,,,,
TWIX,מכיל חמץ,5000159459228,,,,,,,,,,,,,,,,
MIX,מכיל חמץ,7290010116348,,,,,,,,,,,,,,,,
קרואסון במילוי קרם בטעם וניל,מכיל חמץ,5201360528769,,,,,,,,,,,,,,,,
גלסנר,מכיל חמץ,7290005431906,,,,,,,,,,,,,,,,
קדאיף,מכיל חמץ,7290005431906,,,,,,,,,,,,,,,,
אטריות עם עגבניות,מכיל חמץ,7290015603218,,,,,,,,,,,,,,,,
פנקו פירורי לחם יפניים,מכיל חמץ,7290010513727,,,,,,,,,,,,,,,,
פנקו פירורי לחם יפניים,מכיל חמץ,7290010513727,,,,,,,,,,,,,,,,
מחית ירוקה על בסיס קארי,מכיל חמץ,7290015164832,,,,,,,,,,,,,,,,
מחית ירוקה על בסיס קארי,מכיל חמץ,7290015164832,,,,,,,,,,,,,,,,
מחית אדומה על בסיס קארי,מכיל חמץ,7290015164856,,,,,,,,,,,,,,,,
מחית אדומה על בסיס קארי,מכיל חמץ,7290015164856,,,,,,,,,,,,,,,,
רוטב סויה מתוקה,מכיל חמץ,8858271003075,,,,,,,,,,,,,,,,
רוטב סויה מתוקה,מכיל חמץ,8858271003075,,,,,,,,,,,,,,,,
רוטב סויה,מכיל חמץ,8858271005451,,,,,,,,,,,,,,,,
יאמאסה רוטב פונזו,מכיל חמץ,4903001945706,,,,,,,,,,,,,,,,
יאמאסה רוטב פונזו,מכיל חמץ,4903001945706,,,,,,,,,,,,,,,,
רוטב סויה יאמאסה,מכיל חמץ,4903001904192,,,,,,,,,,,,,,,,
רוטב סויה יאמאסה,מכיל חמץ,4903001904192,,,,,,,,,,,,,,,,
רוטב סויה מופחתת נתרן מופחת מלח,מכיל חמץ,4903001925784,,,,,,,,,,,,,,,,
רוטב סויה,מכיל חמץ,7290111938498,,,,,,,,,,,,,,,,
גלסנר,מכיל חמץ,7290100700587,,,,,,,,,,,,,,,,
בורגול,מכיל חמץ,7290100700587,,,,,,,,,,,,,,,,
גלסנר,מכיל חמץ,7290003643738,,,,,,,,,,,,,,,,
חיטה,מכיל חמץ,7290003643738,,,,,,,,,,,,,,,,
גלסנר,מכיל חמץ,7290100700020,,,,,,,,,,,,,,,,
גריסי פנינה,מכיל חמץ,7290100700020,,,,,,,,,,,,,,,,
גרישה בורגול דק,מכיל חמץ,7290100701454,,,,,,,,,,,,,,,,
גרישה בורגול דק,מכיל חמץ,7290100701454,,,,,,,,,,,,,,,,
פצפוצי דגנים פריכים מצופים שוקולד חלב,מכיל חמץ,7290117262313,,,,,,,,,,,,,,,,
פררו רושה,מכיל חמץ,4008400170428,,,,,,,,,,,,,,,,
מיקס פתיתים וירקות עם טונה,מכיל חמץ,7290017617091,,,,,,,,,,,,,,,,
מיקס פתיתים וירקות עם טונה,מכיל חמץ,7290017617091,,,,,,,,,,,,,,,,
מיקס 4 דגנים וירקות עם טונה,מכיל חמץ,7290017617107,,,,,,,,,,,,,,,,
גלסנר,מכיל חמץ,7290017617398,,,,,,,,,,,,,,,,
פסטה ברוטב נפוליטנה בתוספת טונה ועגבניות מיובשות,מכיל חמץ,7290017617398,,,,,,,,,,,,,,,,
יוגורט עם גרנולה ופירות,מכיל חמץ,72964132,,,,,,,,,,,,,,,,
משקה שיבולת שועל בטעם אייריש קרים,מכיל חמץ,7290116931029,,,,,,,,,,,,,,,סופר בכיכר,
הוי סטיר,מכיל חמץ,8858271003136,,,,,,,,,,,,,,,,
רוטב קארי צהוב,מכיל חמץ,8858271003945,,,,,,,,,,,,,,,,
אטריות עם גזר,מכיל חמץ,7290015603225,,,,,,,,,,,,,,,,
פירורי לחם לטיגון ואפיה זהוב קלאסי,מכיל חמץ,7290008101318,,,,,,,,,,,,,,,,
פירורי לחם לטיגון ואפיה,מכיל חמץ,7290008101318,,,,,,,,,,,,,,,,
פירורי לחם לטיגון ואפיה עם שום,מכיל חמץ,7290022005562,,,,,,,,,,,,,,,,
פירורי לחם לטיגון ואפיה עם שום,מכיל חמץ,7290022005562,,,,,,,,,,,,,,,,
פירורי לחם לטיגון ואפיה שומשום ומלח ים,מכיל חמץ,7290014674004,,,,,,,,,,,,,,,,
פירורי לחם לטיגון ואפיה שומשום ומלח ים,מכיל חמץ,7290014674004,,,,,,,,,,,,,,,,
פירורי לחם לטיגון ואפיה פנקו זהוב,מכיל חמץ,7290008101356,,,,,,,,,,,,,,,,
חטיפי פיצה עם 100% גבינה,מכיל חמץ,7290006272072,,,,,,,,,,,,,,,,
בצק עלים צרפתי,מכיל חמץ,7290000131122,,,,,,,,,,,,,,,,
בצק פילאס,מכיל חמץ,7290002735595,,,,,,,,,,,,,,,,
דפי  בצק פילו דקיקים,מכיל חמץ,7290000131009,,,,,,,,,,,,,,,,
בצק שמרים,מכיל חמץ,7290011585921,,,,,,,,,,,,,,,,
בצק פילו,מכיל חמץ,7290018091883,,,,,,,,,,,,,,,,
בצק עוגיות שוקולד צ'יפס,מכיל חמץ,7290018091074,,,,,,,,,,,,,,,,
גלילת ביסקוויטים בטעם שוקולד,מכיל חמץ,7290018091470,,,,,,,,,,,,,,,,
בצק עוגיות טריפל שוקולד צ'יפס,מכיל חמץ,7290018091272,,,,,,,,,,,,,,,,
בצק עלים חמאה,מכיל חמץ,7290006272430,,,,,,,,,,,,,,,,
מלוואח,מכיל חמץ,7290017303482,,,,,,,,,,,,,,,,
בורקס גבינה,מכיל חמץ,7290006243713,,,,,,,,,,,,,,,,
ג'חנון,מכיל חמץ,7290002651116,,,,,,,,,,,,,,,,
לסטיליה,מכיל חמץ,6457637440299,,,,,,,,,,,,,,,,
מיני ג'חנון ללא מרגרינה,מכיל חמץ,7290004652418,,,,,,,,,,,,,,,,
מקלות XL  בורקס פילו תפוח אדמה,מכיל חמץ,7290002603689,,,,,,,,,,,,,,,,
ג'חנון ללא מרגרינה,מכיל חמץ,7290004652401,,,,,,,,,,,,,,,,
מקלות בורקס פילו גבינה ובטטה,מכיל חמץ,7290004230357,,,,,,,,,,,,,,,,
מקלות XL בורקס פילו גבינה,מכיל חמץ,7290002603696,,,,,,,,,,,,,,,,
עלי בצק למילוי סיגרים בריק ואגרול קפוא,מכיל חמץ,7290004228804,,,,,,,,,,,,,,,,
בורקס פילו תפוחי אדמה,מכיל חמץ,7290002757528,,,,,,,,,,,,,,,,
מקלות בורקס פילו תפוחי אדמה,מכיל חמץ,7290002787884,,,,,,,,,,,,,,,,
בורקס פילו גבינה וזיתים,מכיל חמץ,7290002487364,,,,,,,,,,,,,,,,
בורקס פיצה,מכיל חמץ,7290005559709,,,,,,,,,,,,,,,,
מיני בורקס במילוי תפוחי אדמה,מכיל חמץ,7290006271648,,,,,,,,,,,,,,,,
בורקס יפו תפוחי אדמה,מכיל חמץ,7290014218338,,,,,,,,,,,,,,,,
בורקס פילו בולגרית,מכיל חמץ,7290013117243,,,,,,,,,,,,,,,,
מקלות פילו גבינה,מכיל חמץ,7290018091616,,,,,,,,,,,,,,,,
מקלות פילו תפוחי אדמה,מכיל חמץ,7290018091029,,,,,,,,,,,,,,,,
מאפה נקניקיה ,מכיל חמץ,7290005559587,,,,,,,,,,,,,,,,
בלינצ'ס במילוי תפוחי עץ,מכיל חמץ,7290018749197,,,,,,,,,,,,,,,,
כיסונים סיבירי במילוי בשר,מכיל חמץ,7290011585754,,,,,,,,,,,,,,,,
בלינצ'ס במילוי בשר,מכיל חמץ,7290011585853,,,,,,,,,,,,,,,,
"קרפלך במילוי תפו""א ובצל",מכיל חמץ,7290018749104,,,,,,,,,,,,,,,,
כיסוי השף במילוי בשר,מכיל חמץ,7290011585198,,,,,,,,,,,,,,,,
שניצל דק דק צ'יפס,מכיל חמץ,7290008409407,,,,,,,,,,,,,,,,
שניצל כלי תחבורה,מכיל חמץ,7290013675545,,,,,,,,,,,,,,,,
כוכבי עוף,מכיל חמץ,7290008409605,,,,,,,,,,,,,,,,
שניצל דק דק פריך,מכיל חמץ,7290008409216,,,,,,,,,,,,,,,,
מיני מיני דק שומשום,מכיל חמץ,7290008409049,,,,,,,,,,,,,,,,
נשנושי קרקר משולשי שומשום,מכיל חמץ,7290112495167,,,,,,,,,,,,,,,גלסנר,
נשנושי קרקר עיגולים מלוחים,מכיל חמץ,7290112495150,,,,,,,,,,,,,,,גלסנר,
נשנושי קרקר משולשי שומשום,מכיל חמץ,1264812495167,,,,,,,,,,,,,,,,
נשנושים בטעם ברביקיו,מכיל חמץ,7290116532905,,,,,,,,,,,,,,,גלסנר,
נשנושים בטעם פלאפל,מכיל חמץ,7290116532899,,,,,,,,,,,,,,,גלסנר,
רוטב טריאקי,מכיל חמץ,7290106663558,,,,,,,,,,,,,,,,
רוטב גריל,מכיל חמץ,7290112358240,,,,,,,,,,,,,,,,
רוטב טריאקי עם שומשום,מכיל חמץ,093133737325,,,,,,,,,,,,,,,,
רוטב טריאקי קיקומן,מכיל חמץ,041390000058,,,,,,,,,,,,,,,גלסנר,סופר בכיכר
פירורית זהב,מכיל חמץ,7290100680711,,,,,,,,,,,,,,,,
פירורית בטעם ביסלי גריל,מכיל חמץ,7290115203486,,,,,,,,,,,,,,,,
פירורית מתובלת,מכיל חמץ,7291000067466,,,,,,,,,,,,,,,,
פירורי לחם מוזהבים,מכיל חמץ,7290013358356,,,,,,,,,,,,,,,,
פנקו בטעם שום,מכיל חמץ,7290013358370,,,,,,,,,,,,,,,,
פנקו ,מכיל חמץ,7290013358363,,,,,,,,,,,,,,,,
תערובת ציפוי נאגטס,מכיל חמץ,18011111,,,,,,,,,,,,,,,,
גלסנר,מכיל חמץ,7290010153787,,,,,,,,,,,,,,,,
גלסנר,מכיל חמץ,7290010153794,,,,,,,,,,,,,,,,
ציפוי לשניצל בתיבול עדין,מכיל חמץ,7290010153800,,,,,,,,,,,,,,,,
פירורי לחם מוזהבים,מכיל חמץ,7290015347259,,,,,,,,,,,,,,,,
חיטה,מכיל חמץ,7290100700006,,,,,,,,,,,,,,,,
גריסי פנינה,מכיל חמץ,7290013677822,,,,,,,,,,,,,,,,
חיטה,מכיל חמץ,7290001041215,,,,,,,,,,,,,,,,
בורגול,מכיל חמץ,835811006985,,,,,,,,,,,,,,,,
גלסנר,מכיל חמץ,835811008767,,,,,,,,,,,,,,,,
קמח מצה חמץ,מכיל חמץ,7290008636650,,,,,,,,,,,,,,,,
אטריות ביצים,מכיל חמץ,4260147890551,,,,,,,,,,,,,,,,
אטריות ביצים פפרדלה,מכיל חמץ,7290017031323,,,,,,,,,,,,,,,,
אטריות ביצים,מכיל חמץ,7290016135558,,,,,,,,,,,,,,,,
פתיתי פסטה ביצים,מכיל חמץ,7290112191120,,,,,,,,,,,,,,,,
קונכיות פתיתים,מכיל חמץ,7290108508765,,,,,,,,,,,,,,,,
נודלס סיני,מכיל חמץ,7290002053354,,,,,,,,,,,,,,,,
נודלס ,מכיל חמץ,7290002053538,,,,,,,,,,,,,,,,
פסטה מ-100% סמולינה מחיטת דורום,מכיל חמץ,8001931120944,,,,,,,,,,,,,,,,
פסטה מ-100% מחיטת דורום,מכיל חמץ,8001931121002,,,,,,,,,,,,,,,,
גלסנר,מכיל חמץ,7271730901261,,,,,,,,,,,,,,,,
גלסנר,מכיל חמץ,7290012901355,,,,,,,,,,,,,,,,
ארוחת מקרוני עם רוטב גבינה,מכיל חמץ,7290018516447,,,,,,,,,,,,,,,,
אטריות ביצים דקיקות 8,מכיל חמץ,7290002053088,,,,,,,,,,,,,,,,
אטריות ביתים רחבות 14,מכיל חמץ,7290002053118,,,,,,,,,,,,,,,,
גלסנר,מכיל חמץ,7613287476678,,,,,,,,,,,,,,,,
גלסנר,מכיל חמץ,7290000072968,,,,,,,,,,,,,,,,
גלסנר,מכיל חמץ,5900020036407,,,,,,,,,,,,,,,,
Nesquik,מכיל חמץ,5900020012814,,,,,,,,,,,,,,,,
,מכיל חמץ,5900020026552,,,,,,,,,,,,,,,,
Cheerios דבש ושקדים,מכיל חמץ,5900020026552,,,,,,,,,,,,,,,,
גלסנר,מכיל חמץ,7613287394323,,,,,,,,,,,,,,,,
CRUNCH רולס נוגט,מכיל חמץ,7290109358765,,,,,,,,,,,,,,,,
כריות נוגט,מכיל חמץ,7290112495006,,,,,,,,,,,,,,,,
חטיף קראנצ'י עם מלח ים ופלפל,מכיל חמץ,7290112965660,,,,,,,,,,,,,,,,
חטיף קראנצ'י דגנים עם חומוס בטעם שמנת בצל,מכיל חמץ,7290115205541,,,,,,,,,,,,,,,,
חטיפי פריכיות קינמון,מכיל חמץ,7290112961372,,,,,,,,,,,,,,,,
חטיפי פריכיות נימוחות מתובלות,מכיל חמץ,7290112961464,,,,,,,,,,,,,,,,
חטיפי פריכיות עם קטניות ופלפל שחור,מכיל חמץ,7290112967114,,,,,,,,,,,,,,,,
חטיפי פריכיות עם קטניות ומלח ים,מכיל חמץ,7290112967381,,,,,,,,,,,,,,,,
בורגול דק ועבה,מכיל חמץ,7290008830676,,,,,,,,,,,,,,,,
גריסים,מכיל חמץ,7290008830690,,,,,,,,,,,,,,,,
אמבר אייל,מכיל חמץ,11168263,,,,,,,,,,,,,,,,
נגב פאטה מורגנה,מכיל חמץ,7290017925363,,,,,,,,,,,,,,,,
בירה בלו מון,מכיל חמץ,5010038454831,,,,,,,,,,,,,,,,
בירה למביק בתוספת מיץ דובדבנים,מכיל חמץ,5411223030081,,,,,,,,,,,,,,,,
בירה שטיגל גולדברו,מכיל חמץ,90034107,,,,,,,,,,,,,,,,
בירה לאגר בנדיקטינר אוריגינל,מכיל חמץ,4052197003254,,,,,,,,,,,,,,,,
בירה חזקה IPA,מכיל חמץ,7290013713094,,,,,,,,,,,,,,,,
"בירה בנדיקטינר כהה ""דונקל""",מכיל חמץ,4052197000925,,,,,,,,,,,,,,,,
בירה בנדיקטינר,מכיל חמץ,4052197000017,,,,,,,,,,,,,,,,
בירת חיטה צ'כית בהירה מעוננת פרימטור ווייצנביר,מכיל חמץ,8594006931328,,,,,,,,,,,,,,,,
גלסנר,מכיל חמץ,7290001594544,,,,,,,,,,,,,,,,
בירה מאלט דלת קלוריות ללא אלכוהול,מכיל חמץ,7290006764737,,,,,,,,,,,,,,,,
בירה EAGLE,מכיל חמץ,7290006764096,,,,,,,,,,,,,,,,
בירה גולדסטאר לא מסונן,מכיל חמץ,7290008464024,,,,,,,,,,,,,,,,
בירה גולדסטאר,מכיל חמץ,7290008464468,,,,,,,,,,,,,,,,
בירה מכבי,מכיל חמץ,7290008464222,,,,,,,,,,,,,,,,
בירה שטיגל גולדברו,מכיל חמץ,9003402660088,,,,,,,,,,,,,,,,
בירה איגל,מכיל חמץ,7290005896415,,,,,,,,,,,,,,,,
בירה איגל חזקה,מכיל חמץ,7290005896460,,,,,,,,,,,,,,,,
"בירה בסגנון לאגר ענברי 500 מ""ל",מכיל חמץ,01377460,,,,,,,,,,,,,,,,
בירה באדוויזר,מכיל חמץ,5014379009972,,,,,,,,,,,,,,,,
בירה רדברגר,מכיל חמץ,4014388000213,,,,,,,,,,,,,,,,
פאולנר - בירת חיטה מעוננת,מכיל חמץ,4066600601920,,,,,,,,,,,,,,,,
"בירה פילזנר ""צ'סו אלוס""",מכיל חמץ,4750142021505,,,,,,,,,,,,,,,,
בירה מרדסו - בירה חזקה מאוד ומעוננת ,מכיל חמץ,5411681038001,,,,,,,,,,,,,,,,
בירה בנדיקטינר. מארז שישיה,מכיל חמץ,4052197000369,,,,,,,,,,,,,,,,
בירה באדוויזר. מארז שישיה,מכיל חמץ,5410228267515,,,,,,,,,,,,,,,סופר בכיכר,
,מכיל חמץ,42149996,,,,,,,,,,,,,,,,
בירה קורונה אקסטרה,מכיל חמץ,7290002542506,,,,,,,,,,,,,,,,
,מכיל חמץ,06091095,,,,,,,,,,,,,,,,
,מכיל חמץ,851621000043,,,,,,,,,,,,,,,,
,מכיל חמץ,7500162900000,,,,,,,,,,,,,,,,
,מכיל חמץ,7290001594520,,,,,,,,,,,,,,,,
בירה מעוננת קרלסברג LUMA,מכיל חמץ,7290110113421,,,,,,,,,,,,,,,,
,מכיל חמץ,7290011133504,,,,,,,,,,,,,,,,
בירה מכבי 7.9%,מכיל חמץ,7290005896453,,,,,,,,,,,,,,,,
ספומנטה ורדי גרין אפל ספרקלטיני,מכיל חמץ,8002450208007,,,,,,,,,,,,,,,,
ספומנטה ורדי פטל ספרקלטיני,מכיל חמץ,8002450201008,,,,,,,,,,,,,,,,
ספומנטה ורדי רימון ספרקלטיני,מכיל חמץ,8002450206003,,,,,,,,,,,,,,,,
קוסקוס עם טונה וירקות,מכיל חמץ,8004030860001,,,,,,,,,,,,,,,,
רוטב סויה,מכיל חמץ,4858077005451,,,,,,,,,,,,,,,,
אטריות ביצים דקות,מכיל חמץ,7290011587758,,,,,,,,,,,,,,,,
רוטב סויה להקפצה,מכיל חמץ,8858271003020,,,,,,,,,,,,,,,,
אטריות עם גבניות,מכיל חמץ,7290015600521,,,,,,,,,,,,,,,,
רוטב טריאקי יאמאסה,מכיל חמץ,1016001930993,,,,,,,,,,,,,,,,
רוטב סויה קיקומן,מכיל חמץ,7290017677804,,,,,,,,,,,,,,,,
רוטב להקפצה,מכיל חמץ,06011417,,,,,,,,,,,,,,,,
רוטב סויה,מכיל חמץ,7290014094536,,,,,,,,,,,,,,,,
אטריות בינוניות,מכיל חמץ,7290107978347,,,,,,,,,,,,,,,,
אטריות ביצים פטוצ'יני,מכיל חמץ,7290016865943,,,,,,,,,,,,,,,,
שיבולת שועל דקה להכנה מהירה,מכיל חמץ,7290016277470,,,,,,,,,,,,,,,,
שיבולת שועל עבה להכנה מהירה,מכיל חמץ,7290016277487,,,,,,,,,,,,,,,,
"מוזלי עם צימוקים, בננה צ'יפס, תמר ואננס",מכיל חמץ,7290011502850,,,,,,,,,,,,,,,,
גרנולה,מכיל חמץ,7290006582751,,,,,,,,,,,,,,,,
"גרנולה. צימוקים, אגוזי לוז, שקדים ואגוזי מלך ",מכיל חמץ,7290011502867,,,,,,,,,,,,,,,,
מוזלי קראנצ'י בתוספת 30% פירות,מכיל חמץ,7290011131395,,,,,,,,,,,,,,,,
פירות קראנצ'י פירות ואגוזים,מכיל חמץ,7290011131654,,,,,,,,,,,,,,,,
,מכיל חמץ,7290010259830,,,,,,,,,,,,,,,,
,מכיל חמץ,7290002715511,,,,,,,,,,,,,,,,
,מכיל חמץ,7290002715528,,,,,,,,,,,,,,,,
,מכיל חמץ,7290002715580,,,,,,,,,,,,,,,,
מרק ירקות נמס בכוס,מכיל חמץ,7290112493293,,,,,,,,,,,,,,,,
,מכיל חמץ,7290000117720,,,,,,,,,,,,,,,,
מרק בטעם עוף עם המון אטריות,מכיל חמץ,7290112496447,,,,,,,,,,,,,,,,
מרק בטעם עוף עם שקדי מרק ואטריות,מכיל חמץ,7290100245231,,,,,,,,,,,,,,,,
מרק עגבניות עם המון אטריות,מכיל חמץ,7290112496430,,,,,,,,,,,,,,,,
מרק עגבניות עם קרוטונים,מכיל חמץ,7290112490209,,,,,,,,,,,,,,,,
רוטב פטריות,מכיל חמץ,7290000129457,,,,,,,,,,,,,,,,
רוטב לצלי,מכיל חמץ,7290000493176,,,,,,,,,,,,,,,,סופר בכיכר
מרק נמס פטריות,מכיל חמץ,7290112965165,,,,,,,,,,,,,,,,
רוטב פטריות,מכיל חמץ,7290000493183,,,,,,,,,,,,,,,,
מרק נמס עגבניות,מכיל חמץ,7290112965240,,,,,,,,,,,,,,,,
,מכיל חמץ,7296073247517,,,,,,,,,,,,,,,,
,מכיל חמץ,7296073322450,,,,,,,,,,,,,,,,
,מכיל חמץ,7290000073415,,,,,,,,,,,,,,,,
,מכיל חמץ,7290000218502,,,,,,,,,,,,,,,,
,מכיל חמץ,7290018131596,,,,,,,,,,,,,,,,
,מכיל חמץ,7290001594537,,,,,,,,,,,,,,,,
,מכיל חמץ,7290008464109,,,,,,,,,,,,,,,,
,מכיל חמץ,7290010237685,,,,,,,,,,,,,,,,
,מכיל חמץ,7290010237777,,,,,,,,,,,,,,,,
,מכיל חמץ,4008287058222,,,,,,,,,,,,,,,,
,מכיל חמץ,7290006764478,,,,,,,,,,,,,,,,
,מכיל חמץ,7290110110352,,,,,,,,,,,,,,,,
,מכיל חמץ,8712000050146,,,,,,,,,,,,,,,,
,מכיל חמץ,7290001975015,,,,,,,,,,,,,,,,
,מכיל חמץ,7290008464345,,,,,,,,,,,,,,,,
,מכיל חמץ,7290001594575,,,,,,,,,,,,,,,,
בירה קסטיל רוז',מכיל חמץ,5411081003654,,,,,,,,,,,,,,,,
,מכיל חמץ,7290100702628,,,,,,,,,,,,,,,,
,מכיל חמץ,7290003681716,,,,,,,,,,,,,,,,
,מכיל חמץ,7290010153510,,,,,,,,,,,,,,,,
,מכיל חמץ,835811007227,,,,,,,,,,,,,,,,
,מכיל חמץ,7290002319221,,,,,,,,,,,,,,,,
,מכיל חמץ,7290003643325,,,,,,,,,,,,,,,,
,מכיל חמץ,7290002040088,,,,,,,,,,,,,,,,
,מכיל חמץ,769904001116,,,,,,,,,,,,,,,,
,מכיל חמץ,7290013381538,,,,,,,,,,,,,,,,
,מכיל חמץ,7296073143727,,,,,,,,,,,,,,,,
,מכיל חמץ,16211029,,,,,,,,,,,,,,,,
,מכיל חמץ,7290000060576,,,,,,,,,,,,,,,,
,מכיל חמץ,7290000060200,,,,,,,,,,,,,,,,
,מכיל חמץ,7290000060408,,,,,,,,,,,,,,,,
,מכיל חמץ,7290000061450,,,,,,,,,,,,,,,,
,מכיל חמץ,7290106575011,,,,,,,,,,,,,,,,
,מכיל חמץ,7290105695024,,,,,,,,,,,,,,,,
,מכיל חמץ,7290000061214,,,,,,,,,,,,,,,,
,מכיל חמץ,7290016667578,,,,,,,,,,,,,,,,
,מכיל חמץ,7290115207163,,,,,,,,,,,,,,,,
,מכיל חמץ,7290014803732,,,,,,,,,,,,,,,,
,מכיל חמץ,7290108509267,,,,,,,,,,,,,,,,
,מכיל חמץ,7290013381316,,,,,,,,,,,,,,,,
,מכיל חמץ,8008857601090,,,,,,,,,,,,,,,,
,מכיל חמץ,7290000060415,,,,,,,,,,,,,,,,
,מכיל חמץ,884912365200,,,,,,,,,,,,,,,,
,מכיל חמץ,5000127533196,,,,,,,,,,,,,,,,
נודלס אטריות מסולסלות,מכיל חמץ,7290000313290,,,,,,,,,,,,,,,גלסנר,סופר בכיכר
,מכיל חמץ,3387390730852,,,,,,,,,,,,,,,,
,מכיל חמץ,7296073107408,,,,,,,,,,,,,,,,
,מכיל חמץ,7290107647823,,,,,,,,,,,,,,,,
,מכיל חמץ,7290014471412,,,,,,,,,,,,,,,,
,מכיל חמץ,7290001343845,,,,,,,,,,,,,,,,
,מכיל חמץ,7290014471436,,,,,,,,,,,,,,,,
,מכיל חמץ,7290014471443,,,,,,,,,,,,,,,,
,מכיל חמץ,7290116530260,,,,,,,,,,,,,,,,
,מכיל חמץ,016000185517,,,,,,,,,,,,,,,,
,מכיל חמץ,7613037686906,,,,,,,,,,,,,,,,
,מכיל חמץ,7290107647816,,,,,,,,,,,,,,,,
,מכיל חמץ,7290107647854,,,,,,,,,,,,,,,,
,מכיל חמץ,7613036737623,,,,,,,,,,,,,,,,
,מכיל חמץ,7290000169798,,,,,,,,,,,,,,,,
,מכיל חמץ,7290112495044,,,,,,,,,,,,,,,,
,מכיל חמץ,050000168583,,,,,,,,,,,,,,,,
,מכיל חמץ,8009470016063,,,,,,,,,,,,,,,,
,מכיל חמץ,7290018380260,,,,,,,,,,,,,,,,
,מכיל חמץ,7290111568206,,,,,,,,,,,,,,,,
,מכיל חמץ,7290115206852,,,,,,,,,,,,,,,,
ביסלי במבה,מכיל חמץ,7290106578692,,,,,,,,,,,,,,,גלסנר,סופר בכיכר
,מכיל חמץ,26065106,,,,,,,,,,,,,,,,
,מכיל חמץ,7290115201727,,,,,,,,,,,,,,,,
,מכיל חמץ,72989425,,,,,,,,,,,,,,,,
,מכיל חמץ,7290002026303,,,,,,,,,,,,,,,,
,מכיל חמץ,8000920704974,,,,,,,,,,,,,,,,
,מכיל חמץ,8712100859939,,,,,,,,,,,,,,,,
,מכיל חמץ,076840400218,,,,,,,,,,,,,,,,
,מכיל חמץ,7290116532240,,,,,,,,,,,,,,,,
,מכיל חמץ,7290112494238,,,,,,,,,,,,,,,,
,מכיל חמץ,7290112494221,,,,,,,,,,,,,,,,
,מכיל חמץ,7290112494283,,,,,,,,,,,,,,,,
,מכיל חמץ,7290112494313,,,,,,,,,,,,,,,,
,מכיל חמץ,7290112494276,,,,,,,,,,,,,,,,
פסק זמן ROLL,מכיל חמץ,7290110568924,,,,,,,,,,,,,,,גלסנר,סופר בכיכר
פסק זמן Roll אגוזי לוז,מכיל חמץ,7290110568627,,,,,,,,,,,,,,,גלסנר,סופר בכיכר
,מכיל חמץ,4823077634369,,,,,,,,,,,,,,,,
Kit Kat,מכיל חמץ,6009188004828,,,,,,,,,,,,,,,גלסנר,
טוויסט,מכיל חמץ,72918388,,,,,,,,,,,,,,,גלסנר,
טעמי,מכיל חמץ,72917367,,,,,,,,,,,,,,,גלסנר,
קינדר.וופל ייחודי במילוי קרם חלבי וקרם קקאו,מכיל חמץ,8000500269169,,,,,,,,,,,,,,,גלסנר,
קינדר. כדורונים ייחודיים מוופל פריך עם קקאו על מצע קרם חלבי וקרם קקאו,מכיל חמץ,8000500126325,,,,,,,,,,,,,,,גלסנר,
קינדר. וופל ייחודי במילוי קרם חלבי וקרם קקאו,מכיל חמץ,80874652,,,,,,,,,,,,,,,,
ביסקוויטים במילוי נוטלה - ממרח קקאו עם אגוזי לוז,מכיל חמץ,8000500366073,,,,,,,,,,,,,,,גלסנר,
ביסקוויטים במילוי נוטלה - ממרח קקאו עם אגוזי לוז,מכיל חמץ,8000500310397,,,,,,,,,,,,,,,גלסנר,
ממרח קקאו עם אגוזי לוז בתוספת מקלות אפויים,מכיל חמץ,009800800056,,,,,,,,,,,,,,,גלסנר,
Kit Kat CRUNKY,מכיל חמץ,3800020423578,,,,,,,,,,,,,,,,
כדורים בטעם שוקולד,מכיל חמץ,7290006805355,,,,,,,,,,,,,,,גלסנר,
פנקייק,מכיל חמץ,7290008482530,,,,,,,,,,,,,,,גלסנר,
עוגת פרג,מכיל חמץ,7290102841127,,,,,,,,,,,,,,,גלסנר,
בלילת ציפוי טמפורה,מכיל חמץ,7290102844265,,,,,,,,,,,,,,,גלסנר,
עוגת בראוניס,מכיל חמץ,7290102840939,,,,,,,,,,,,,,,גלסנר,
תערובת פיצוחים קלויים,מכיל חמץ,7290015652278,,,,,,,,,,,,,,,גלסנר,
בוטן רביולי,מכיל חמץ,7290015395960,,,,,,,,,,,,,,,גלסנר,
לחמניות המבורגר,מכיל חמץ,7290000379005,,,,,,,,,,,,,,,גלסנר,
בסיס לפיצה בנוסח איטלקי,מכיל חמץ,7290018517024,,,,,,,,,,,,,,,גלסנר,
עלי טורטיה מקמח מלא,מכיל חמץ,7290015009126,,,,,,,,,,,,,,,גלסנר,
טורטייה מקמח מלא,מכיל חמץ,7290006342645,,,,,,,,,,,,,,,גלסנר,
טורטיה חיטה מופחת קלוריות,מכיל חמץ,14103780,,,,,,,,,,,,,,,,
לחם פשתן,מכיל חמץ,7290016035025,,,,,,,,,,,,,,,גלסנר,
לחם פשתן עם טחינה,מכיל חמץ,7290016245929,,,,,,,,,,,,,,,גלסנר,
לחם שיפון,מכיל חמץ,7290002065623,,,,,,,,,,,,,,,גלסנר,
אנג'ל 100 קל,מכיל חמץ,66410492,,,,,,,,,,,,,,,,
לחם כוסמין וחיטה מלאה,מכיל חמץ,7290017947891,,,,,,,,,,,,,,,גלסנר,
לחם רך פרוס,מכיל חמץ,7290017947105,,,,,,,,,,,,,,,גלסנר,
הלחמניה,מכיל חמץ,7290002065555,,,,,,,,,,,,,,,גלסנר,
לחמניות פשוט מלא,מכיל חמץ,7290015644297,,,,,,,,,,,,,,,גלסנר,
לחם שיפון עגול,מכיל חמץ,7290008713900,,,,,,,,,,,,,,,גלסנר,
10 פיתות מקמח לבן,מכיל חמץ,693493142847,,,,,,,,,,,,,,,גלסנר,
4 פוקצ'ות עם בצל,מכיל חמץ,693493142908,,,,,,,,,,,,,,,,
פיתה פיתה,מכיל חמץ,7290018540329,,,,,,,,,,,,,,,גלסנר,
קרקר דגנים,מכיל חמץ,7290112495938,,,,,,,,,,,,,,,גלסנר,
קרקר זהב,מכיל חמץ,885111074375,,,,,,,,,,,,,,,גלסנר,
ביסלי גריל,מכיל חמץ,7290000468747,,,,,,,,,,,,,,,גלסנר,
ביסלי פלאפל,מכיל חמץ,7290001302194,,,,,,,,,,,,,,,גלסנר,
ביסלי ברביקיו,מכיל חמץ,18894402,,,,,,,,,,,,,,,גלסנר,
חטיפי קרקר זעתר,מכיל חמץ,7290000069609,,,,,,,,,,,,,,,גלסנר,
ביסלי גריל,מכיל חמץ,7290000066141,,,,,,,,,,,,,,,גלסנר,
בייגלה שטוחים,מכיל חמץ,7290106574953,,,,,,,,,,,,,,,גלסנר,
בייגלה,מכיל חמץ,7290000060088,,,,,,,,,,,,,,,גלסנר,
בייגלה,מכיל חמץ,7290000076133,,,,,,,,,,,,,,,גלסנר,
בייגלה,מכיל חמץ,7290000081663,,,,,,,,,,,,,,,גלסנר,
בייגלה שטוחים,מכיל חמץ,7290000071046,,,,,,,,,,,,,,,גלסנר,
בייגלה,מכיל חמץ,7290000076126,,,,,,,,,,,,,,,גלסנר,
הבייגלה אצבעות עם שומשום,מכיל חמץ,7290017928807,,,,,,,,,,,,,,,גלסנר,
דג דג חטיף אפוי במליחות מעודנת,מכיל חמץ,7290116531090,,,,,,,,,,,,,,,גלסנר,
דג דג חטיף אפוי מלוח,מכיל חמץ,7290116533704,,,,,,,,,,,,,,,גלסנר,
נשנושים. חטיף בטעם שמנת ובצל,מכיל חמץ,7290112497932,,,,,,,,,,,,,,,גלסנר,
עוגיות עם נטיפי שוקולד חלב,מכיל חמץ,7622300356767,,,,,,,,,,,,,,,גלסנר,
פיטנס עם שוקולד חחב,מכיל חמץ,7290109351971,,,,,,,,,,,,,,,גלסנר,
שוגי. חטיף דגנים עם פצפוצי שוקולד לבן ושוקולד חלב,מכיל חמץ,7290107646833,,,,,,,,,,,,,,,גלסנר,
"חטיף דגנים עם שוקולד חלב מעולה, בוטנים ושקדים",מכיל חמץ,7296073219965,,,,,,,,,,,,,,,"דגנים עם שוקולד חלב מעולה, בוטנים",
דגנים עם שוקולד חלב מעולה וביסקויט,מכיל חמץ,7296073226680,,,,,,,,,,,,,,,גלסנר,
דגנים עם שוקולד חלב ובננה,מכיל חמץ,4011800630515,,,,,,,,,,,,,,,גלסנר,
חטיף דגנים בטעם שוקולד עם 30% מילוי קרם חלב,מכיל חמץ,4011800567613,,,,,,,,,,,,,,,גלסנר,
חטיף דגני בוקר בטעם שוקולד על שכבת קרם חלב,מכיל חמץ,5900020020710,,,,,,,,,,,,,,,גלסנר,
בירה באדוויזר,מכיל חמץ,5410228267508,,,,,,,,,,,,,,,סופר בכיכר,
8.6 אורגינל בירה חזקה מאוד,מכיל חמץ,8714800004114,,,,,,,,,,,,,,,,סופר בכיכר
8.6 גולד בירה חזקה,מכיל חמץ,8714800021395,,,,,,,,,,,,,,,,סופר בכיכר
בוטנים אמריקאיים,מכיל חמץ,7290002963868,,,,,,,,,,,,,,,,סופר בכיכר
מנצ'ס,מכיל חמץ,7290018329900,,,,,,,,,,,,,,,,סופר בכיכר
קבוקים,מכיל חמץ,7290018329863,,,,,,,,,,,,,,,,סופר בכיכר
אגוזי קשיו בציפוי עוגיות קרמל,מכיל חמץ,59827467,,,,,,,,,,,,,,,,סופר בכיכר
אלמנדוס,מכיל חמץ,7290018329962,,,,,,,,,,,,,,,,סופר בכיכר
רביולי,מכיל חמץ,7290018329931,,,,,,,,,,,,,,,,סופר בכיכר
פררו רושה. כדור וופל פריך מצופה שוקולד חלב ושברי אגוזי לוז ממולא בקרם ואגוז לוז שלם,מכיל חמץ,8000500037874,,,,,,,,,,,,,,,,סופר בכיכר
גלילי וופל עם קרם אגוזי לוז בציפוי שוקולד חלב,מכיל חמץ,4000417101211,,,,,,,,,,,,,,,,
Mars,מכיל חמץ,5000159407236,,,,,,,,,,,,,,,,סופר בכיכר
ביסלי גריל,מכיל חמץ,7290000066196,,,,,,,,,,,,,,,,
ביסלי ברביקיו,מכיל חמץ,12713158,,,,,,,,,,,,,,,,
ביסלי פיצה,מכיל חמץ,7290000467887,,,,,,,,,,,,,,,,
M MAGNUM גולד,מכיל חמץ,8711327577664,,,,,,,,,,,,,,,,סופר בכיכר
נוטלה. וופל מלוח במילוי ממרח קקאו עם אגוזי לוז ופצפוצי חיטה,מכיל חמץ,8000500227848,,,,,,,,,,,,,,,,סופר בכיכר
מיני פריכונים בטעם זעתר,מכיל חמץ,7290107874427,,,,,,,,,,,,,,,,סופר בכיכר
מיני פריכונים בטעם עשבי תיבול,מכיל חמץ,7290107871297,,,,,,,,,,,,,,,,סופר בכיכר
מיני פריכונים בטעם בצל מקורמל,מכיל חמץ,7290107874441,,,,,,,,,,,,,,,,סופר בכיכר
קרקר בצל,מכיל חמץ,7290000061061,,,,,,,,,,,,,,,,
קרקר זהב,מכיל חמץ,7290000074375,,,,,,,,,,,,,,,,
חטיפי קרקר מלוח,מכיל חמץ,220202069715,,,,,,,,,,,,,,,,
חטיפי קרקר שומשום,מכיל חמץ,7290000069739,,,,,,,,,,,,,,,,
דלידג. קציצות דג לבישול,מכיל חמץ,7290002757511,,,,,,,,,,,,,,,,סופר בכיכר
קרוטונים למרק ולסלט,מכיל חמץ,7290114603539,,,,,,,,,,,,,,,,
מיני קרוטונים מתובלים למרק וסלט,מכיל חמץ,7290000065090,,,,,,,,,,,,,,,,
קרוטונים מתובלים למרק וסלט,מכיל חמץ,7290000078212,,,,,,,,,,,,,,,,
מיני קרוטונים מתובלים למרק וסלט,מכיל חמץ,7290000062952,,,,,,,,,,,,,,,,
מיני קרוטונים למר ולסלט,מכיל חמץ,09900800,,,,,,,,,,,,,,,,
פסטה ספגטי,מכיל חמץ,5296400060323,,,,,,,,,,,,,,,,סופר בכיכר
פסטה פנה,מכיל חמץ,7290000069258,,,,,,,,,,,,,,,,
פסטה ספגטי מהיר הכנה,מכיל חמץ,12901037,,,,,,,,,,,,,,,,
פסטה ספגטי 8,מכיל חמץ,7290000060880,,,,,,,,,,,,,,,,
פסטה מקרוני 7,מכיל חמץ,7290000060217,,,,,,,,,,,,,,,,
פסטה קרניים בינוניות,מכיל חמץ,7290000060828,,,,,,,,,,,,,,,,
פסטה צדפים גדולים,מכיל חמץ,7290000060842,,,,,,,,,,,,,,,,
פסטה צינורות,מכיל חמץ,7290107871990,,,,,,,,,,,,,,,,
פסטה מסולסלים,מכיל חמץ,7290000060781,,,,,,,,,,,,,,,,
אטריות ביצים רחבות,מכיל חמץ,7290018329726,,,,,,,,,,,,,,,,סופר בכיכר
אטריות נודלס להקפצה,מכיל חמץ,7290016401158,,,,,,,,,,,,,,,,
קוסקוס בינוני,מכיל חמץ,7290000064758,,,,,,,,,,,,,,,,
ניוקי 3 צבעים מתפוחי אדמה,מכיל חמץ,7290115202762,,,,,,,,,,,,,,,,
פינוקיות פיסטוק,מכיל חמץ,7290110573294,,,,,,,,,,,,,,,,
פינוקיות נמס,מכיל חמץ,7290112340276,,,,,,,,,,,,,,,,
נודלס בטעם ירקות,מכיל חמץ,5296414288348,,,,,,,,,,,,,,,,סופר בכיכר
נודלס בטעם בקר,מכיל חמץ,7290014288355,,,,,,,,,,,,,,,,
בפלות,מכיל חמץ,7290107951104,,,,,,,,,,,,,,,,סופר בכיכר
ופל במילוי קרם בטעם שוקולד,מכיל חמץ,7290017266343,,,,,,,,,,,,,,,,
עוגיות על חלל. עוגיות קקאו עם סוכריות שוקולד חלב צבעוניות,מכיל חמץ,7290014525665,,,,,,,,,,,,,,,,
עוגיות על חלל. עוגיות  עם סוכריות שוקולד חלב צבעוניות,מכיל חמץ,7290014525672,,,,,,,,,,,,,,,,
ביסקויט מצופה שוקולד חלב,מכיל חמץ,7290018894675,,,,,,,,,,,,,,,,סופר בכיכר
רוטב לסטייק HP,מכיל חמץ,5000111046244,,,,,,,,,,,,,,,,סופר בכיכר
רוטב סויה קיקומן,מכיל חמץ,413900010558,,,,,,,,,,,,,,,,סופר בכיכר
דפי בצק פילו עגולים,מכיל חמץ,7290018380727,,,,,,,,,,,,,,,,סופר בכיכר
רוטב סויה,מכיל חמץ,7290011695576,,,,,,,,,,,,,,,,סופר בכיכר
קרמיסימו בטעם וניל עוגיות,מכיל חמץ,7290001327791,,,,,,,,,,,,,,,,סופר בכיכר
MAGNUM לבן,מכיל חמץ,7290107649858,,,,,,,,,,,,,,,,סופר בכיכר
DOUBLE דולצ'ה גולד,מכיל חמץ,8690637989629,,,,,,,,,,,,,,,,סופר בכיכר
MAGNUM,מכיל חמץ,7290112499639,,,,,,,,,,,,,,,,
SUPER פקאן,מכיל חמץ,7290112499646,,,,,,,,,,,,,,,,
וניל קלאסי,מכיל חמץ,7290015597937,,,,,,,,,,,,,,,,
DOUBLE לבן עוגיות,מכיל חמץ,41208113,,,,,,,,,,,,,,,,
טעמקור,מכיל חמץ,7290006681065,,,,,,,,,,,,,,,,
סנקור. ,מכיל חמץ,7290001274293,,,,,,,,,,,,,,,,
דונאט מילקה מצופה,מכיל חמץ,4065698201180,,,,,,,,,,,,,,,,
extreme,מכיל חמץ,7290112960856,,,,,,,,,,,,,,,,
CRUNCH בטעם וניל עוגיות,מכיל חמץ,7290112962003,,,,,,,,,,,,,,,,
דונאט אוראו ממלוא,מכיל חמץ,4065698201173,,,,,,,,,,,,,,,,
עיגולידה,מכיל חמץ,7290000490243,,,,,,,,,,,,,,,,
פוקאצ'ה איטלית עם חמאת שום,מכיל חמץ,7290117263167,,,,,,,,,,,,,,,,
פוקאצ'ה איטלקית עם חמאת שום,מכיל חמץ,7290117263167,,,,,,,,,,,,,,,,
בירה בק'ס (פחית),מכיל חמץ,41001356,,,,,,,,,,,,,,,,
בירה sanmiguel,מכיל חמץ,8410655001147,,,,,,,,,,,,,,,,
בירה sanmigal,מכיל חמץ,8410655001147,,,,,,,,,,,,,,,,
חטיף בוטנים ושיבולת שועל מלאה עם שוקולד מריר ושקדים בציפוי בטעם שוקולד,מכיל חמץ,8410076610508,,,,,,,,,,,,,,,,
חטיף בוטנים חלבון סויה ושקדים עם ציפוי בטעם קרמל מלוח,מכיל חמץ,8410076610386,,,,,,,,,,,,,,,,
חטיף בוטנים חלבון סויה ושוקלד מריר עם ציפוי בטעם שוקולד,מכיל חמץ,8410076610379,,,,,,,,,,,,,,,,
מאנצ'ס חטיף אורז ובוטנים,מכיל חמץ,7290014094116,,,,,,,,,,,,,,,,
קבוקים שומשום,מכיל חמץ,7296073369868,,,,,,,,,,,,,,,,
מנצ'יס חטיפי אורז ובוטנים,מכיל חמץ,7296073161806,,,,,,,,,,,,,,,,
מנצ'ס פיקנטיים,מכיל חמץ,7296073324027,,,,,,,,,,,,,,,,
מנצ'יס פיקנטיים,מכיל חמץ,7296073324027,,,,,,,,,,,,,,,,
בוטנים קלויים,מכיל חמץ,7296073204640,,,,,,,,,,,,,,,,
וופל מצופה שוקולד חלב עם 4.8% שומנים צמחיים,מכיל חמץ,01391613,,,,,,,,,,,,,,,,
מיני טוויקס,מכיל חמץ,5000159442572,,,,,,,,,,,,,,,,
טוויקס 5×2,מכיל חמץ,5000159538626,,,,,,,,,,,,,,,,
שניצלוני טופו,מכיל חמץ,7290015673662,,,,,,,,,,,,,,,,
גלידה חלבית בטעם וניל קוקילידה,מכיל חמץ,7290111565038,,,,,,,,,,,,,,,,
extreme בטעם וניל,מכיל חמץ,7290011515683,,,,,,,,,,,,,,,,
גלידת שוקולד לבן עם שברי עוגיות,מכיל חמץ,7290101113591,,,,,,,,,,,,,,,,
גלידת בקלאווה,מכיל חמץ,7290101110477,,,,,,,,,,,,,,,,
גלידת בקלאווה,מכיל חמץ,7290101110477,,,,,,,,,,,,,,,,
גלידל מיני סנדוויץ' בטעם שוקולד וניל,מכיל חמץ,7290101113447,,,,,,,,,,,,,,,,
גלידל וניל עוגיות,מכיל חמץ,7290101113157,,,,,,,,,,,,,,,,
כנאפה תורכית אותנטית,מכיל חמץ,7290108506495,,,,,,,,,,,,,,,,
אצבעות פילו מוקפא,מכיל חמץ,7290108506501,,,,,,,,,,,,,,,,
בורקס מים תורכי אותנטי,מכיל חמץ,7290108506969,,,,,,,,,,,,,,,,
סימיט ממולא קשקבל וממרח זיתים,מכיל חמץ,7290117263105,,,,,,,,,,,,,,,,
רביולי פטריות,מכיל חמץ,7290018402740,,,,,,,,,,,,,,,,
בצק להכנת עוגיות בטעם שוקולד ובתוספת שוקולד לבן,מכיל חמץ,7290117262795,,,,,,,,,,,,,,,,
בייגלה בציפוי קרם קרמל מלוח ושוקולד,מכיל חמץ,7290018440483,,,,,,,,,,,,,,,,
בייגלה בציפוי פאדג' לבן,מכיל חמץ,7290018440209,,,,,,,,,,,,,,,,
קינוח קרם עוגיות,מכיל חמץ,7290117261057,,,,,,,,,,,,,,,,
